"7","0.6848297","6.6714935","7.390518"
"22","0.5663147","6.61882","7.1020203"
"30","0.5974426","6.645157","6.9140778"
"38","0.54356384","6.6176147","6.8302765"
"57","0.5447693","6.641556","6.7393036"
"75","0.6537018","6.701416","6.88414"
"93","0.7638397","6.7385254","7.078079"
"98","0.7758026","6.8223267","7.1307526"
"114","0.70277405","6.7624664","7.097229"
"120","0.65249634","6.71817","7.184616"
"135","0.61061096","6.728943","7.1546936"
"141","0.6058197","6.6331787","7.021805"
"157","0.5734863","6.6044464","7.0074463"
"174","0.57110596","6.6331787","6.899704"
"189","0.6321564","6.6403656","6.8386536"
"204","0.6501007","6.6559296","6.951187"
"218","0.6034241","6.7193756","6.9835052"
"235","0.5878601","6.709793","7.0242004"
"250","0.51483154","6.6559296","7.0122375"
"265","0.50286865","6.649948","6.9044952"
"273","0.51364136","6.740921","6.808731"
"286","0.55433655","6.744507","6.827881"
"301","0.65130615","6.702606","6.8781586"
"318","0.6273651","6.740921","6.8733673"
"332","0.560318","6.6870575","6.9882965"
"349","0.48132324","6.579315","7.0792694"
"354","0.4729309","6.579315","7.100815"
"366","0.45498657","6.531433","7.04216"
"382","0.5279999","6.6008606","6.9092865"
"398","0.61061096","6.6834564","6.8614044"
"405","0.6680603","6.71817","6.891327"
"418","0.71954346","6.7062073","6.8889313"
"433","0.79855347","6.709793","6.990692"
"437","0.80693054","6.71698","6.9404144"
"450","0.7793884","6.7313385","6.9344177"
"467","0.79974365","6.763672","6.8470306"
"482","0.7063751","6.784012","6.88414"
"487","0.6860199","6.787613","6.839859"
"500","0.68003845","6.7313385","6.8638"
"515","0.69200134","6.724167","7.0433655"
"531","0.74946594","6.7349396","7.137924"
"538","0.75665283","6.669098","7.143921"
"555","0.73750305","6.6954346","7.1080017"
"568","0.61538696","6.665497","7.0924377"
"581","0.59384155","6.622406","7.030197"
"598","0.5495453","6.641556","6.8769684"
"615","0.5196228","6.720566","6.911682"
"622","0.5579376","6.763672","6.96315"
"635","0.5196228","6.7505035","6.9966736"
"649","0.6165924","6.6834564","7.129547"
"665","0.61299133","6.669098","7.1020203"
"672","0.55314636","6.740921","7.0074463"
"685","0.5519409","6.7349396","6.977524"
"699","0.52441406","6.6571198","6.9499817"
"701","0.51364136","6.6643066","6.8865356"
"716","0.5196228","6.6523285","6.9044952"
"733","0.64053345","6.681061","6.94281"
"748","0.75305176","6.7229614","7.0206146"
"754","0.80693054","6.7229614","7.018219"
"767","0.8081207","6.7385254","7.0708923"
"782","0.7722168","6.781616","6.9212494"
"799","0.7063751","6.79718","6.898514"
"804","0.7506714","6.8307037","6.8937225"
"819","0.7554474","6.804367","6.8314667"
"832","0.70877075","6.8654175","6.741684"
"836","0.7243347","6.851059","6.722534"
"849","0.71235657","6.8881683","6.657898"
"866","0.7159424","6.867813","6.6878204"
"883","0.6249695","6.8007812","6.7105713"
"888","0.5483551","6.773239","6.764435"
"901","0.53160095","6.7696533","6.7393036"
"916","0.5495453","6.760071","6.841049"
"947","0.53279114","6.7062073","6.939209"
"973","0.4298401","6.7744446","6.570511"
"980","0.59384155","6.816345","6.7668304"
"997","0.76742554","6.7900085","6.843445"
"1001","0.812912","6.823517","7.038574"
"1019","0.8428345","6.823517","7.033783"
"1038","0.76982117","6.843872","6.939209"
"1042","0.7351074","6.9240723","6.824295"
"1053","0.7075653","6.9324646","6.7165527"
"1071","0.7614441","6.939636","6.779999"
"1084","0.74946594","6.8929596","6.8506317"
"1097","0.74108887","6.8342896","6.8386536"
"1117","0.7051697","6.7588806","6.8937225"
"1136","0.6560974","6.69783","6.8745728"
"1153","0.5459595","6.6667023","6.7357025"
"1157","0.4681549","6.728943","6.7273254"
"1170","0.49926758","6.7696533","6.70578"
"1186","0.48132324","6.7911987","6.6722565"
"1203","0.5890503","6.922882","6.7943573"
"1217","0.65130615","7.0318146","6.867386"
"1233","0.7327118","7.0557556","6.9607544"
"1250","0.7829895","6.997101","6.959564"
"1267","0.6022186","6.8821716","6.977524"
"1271","0.4693451","6.8247223","6.9092865"
"1286","0.40948486","6.8139496","6.9140778"
"1299","0.35203552","6.748108","6.927246"
"1316","0.26464844","6.7157745","6.9416046"
"1333","0.263443","6.7792206","7.0194244"
"1347","0.2849884","6.836685","6.8949127"
"1352","0.28619385","6.970764","6.9212494"
"1366","0.24308777","7.044983","6.867386"
"1381","0.3209076","7.073715","6.975128"
"1385","0.28019714","7.056961","7.011032"
"1399","0.2454834","6.9767456","6.9416046"
"1404","0.11979675","6.854645","7.045761"
"1420","0.10423279","6.821121","7.080475"
"1435","0.14971924","6.8654175","7.2420807"
"1450","0.20478821","6.938446","7.1977844"
"1466","0.052749634","7.1228027","7.0397644"
"1481","-0.09089661","7.2401123","6.8182983"
"1489","-0.20103455","7.1419525","6.6255646"
"1497","-0.1770935","7.155121","6.5812836"
"1515","-0.1375885","7.13237","6.3610077"
"1516","-0.1315918","7.0785065","6.3562164"
"1534","-0.06576538","7.123993","6.381363"
"1538","-0.074142456","7.187439","6.3167267"
"1551","-0.20103455","7.180252","6.207779"
"1566","-0.53382874","7.2125854","6.1670837"
"1584","-0.53741455","7.1730804","6.0425873"
"1589","-0.54460144","7.2401123","5.902527"
"1602","-0.46798706","7.2879944","5.883362"
"1612","-0.42010498","7.4304504","5.8103485"
"1620","-0.32432556","7.487915","5.843872"
"1630","-0.2967987","7.5453796","5.7169647"
"1646","-0.3267212","7.558548","5.706192"
"1651","-0.35066223","7.5381927","5.598465"
"1664","-0.3949585","7.5178375","5.5577545"
"1681","-0.48594666","7.5657196","5.5769043"
"1698","-0.68226624","7.444809","5.677475"
"1716","-0.85824585","7.29039","5.6571198"
"1721","-0.8570404","7.313141","5.663101"
"1735","-0.8941498","7.3789825","5.721756"
"1747","-0.8091583","7.408905","5.6990204"
"1754","-0.71099854","7.641144","5.5733185"
"1763","-0.6583252","7.6531067","5.630783"
"1780","-0.72416687","7.733322","5.6762695"
"1783","-0.78163147","7.6997986","5.5134583"
"1800","-0.77204895","7.666275","5.4069214"
"1815","-0.7097931","7.9009094","5.010681"
"1831","-0.5529785","7.903305","4.9568176"
"1834","-0.6583252","7.817108","5.1698914"
"1849","-0.72416687","7.6950073","5.2800293"
"1863","-0.97795105","7.570511","5.445236"
"1867","-1.0449829","7.5453796","5.5565643"
"1880","-1.1347656","7.586075","5.5254364"
"1886","-1.1886444","7.6136017","5.515854"
"1897","-1.1670837","7.630371","5.519455"
"1915","-1.1251984","7.542984","5.2728424"
"1952","-0.7672577","7.4687653","5.155533"
"1960","-0.23335266","7.9045105","5.1387787"
"1970","-0.2932129","7.899719","5.1387787"
"1979","-0.3039856","7.8817596","5.210602"
"1999","-0.43925476","7.6591034","5.24292"
"2016","-0.57691956","7.5058746","5.1579285"
"2019","-0.6319885","7.417282","5.2644653"
"2032","-0.6595154","7.3681946","5.2608795"
"2049","-0.6894531","7.1814575","5.4667816"
"2068","-0.48234558","7.1623077","5.705002"
"2072","-0.3327179","7.307144","5.7875977"
"2084","-0.29081726","7.3274994","5.864212"
"2095","-0.15315247","7.3035583","6.1036377"
"2102","-0.11125183","7.21138","6.322708"
"2113","-0.1890564","7.231735","6.3610077"
"2129","-0.31115723","7.1742706","6.511841"
"2135","-0.39137268","7.091675","6.7081757"
"2148","-0.35186768","7.0306244","6.7309113"
"2155","-0.3159485","6.907318","6.8135223"
"2168","-0.3327179","6.922882","6.8135223"
"2183","-0.31954956","6.898941","6.9140778"
"2196","-0.30877686","6.926468","7.056534"
"2214","-0.28482056","6.9647827","7.0122375"
"2216","-0.27285767","6.8654175","6.9882965"
"2232","-0.17469788","6.803177","6.860199"
"2238","-0.06336975","6.8175354","6.7393036"
"2251","-0.025054932","6.77684","6.7045746"
"2264","0.14613342","6.8307037","6.927246"
"2267","0.23591614","6.7864075","7.0756836"
"2279","0.26823425","6.792389","7.1032104"
"2297","0.22514343","6.8726044","6.8661957"
"2316","0.1437378","6.9216766","6.729721"
"2320","0.15690613","6.9097137","6.70697"
"2335","0.1832428","6.8845673","6.7476807"
"2348","0.11380005","6.7864075","6.6555023"
"2365","0.10542297","6.902527","6.662674"
"2381","0.18682861","6.933655","6.8554077"
"2396","0.29815674","6.8019714","6.9056854"
"2403","0.3783722","6.7588806","6.8925323"
"2414","0.3436432","6.7552795","6.9643555"
"2432","0.33287048","6.682266","7.157089"
"2433","0.33766174","6.645157","7.1546936"
"2451","0.35562134","6.579315","7.3402405"
"2455","0.4693451","6.5481873","7.414459"
"2467","0.4729309","6.5338287","7.4755096"
"2485","0.5339966","6.47876","7.239685"
"2502","0.61898804","6.531433","7.0601196"
"2506","0.7458801","6.641556","7.124756"
"2524","0.78538513","6.684662","7.222931"
"2538","0.9290314","6.5685425","7.5736694"
"2552","0.9098816","6.5206604","7.584442"
"2569","0.7901764","6.511078","7.440796"
"2580","0.5734863","6.436859","7.2145386"
"2596","0.47053528","6.4416504","7.1822205"
"2600","0.4394226","6.4751587","7.157089"
"2616","0.43463135","6.456009","7.133148"
"2621","0.5519409","6.5410004","7.2061615"
"2638","0.5112457","6.55777","7.246872"
"2653","0.70158386","6.5841064","7.295944"
"2663","0.7327118","6.63916","7.096039"
"2678","0.6967926","6.7229614","7.0481415"
"2682","0.62138367","6.6176147","7.0792694"
"2699","0.6596832","6.5446014","7.057724"
"2702","0.61898804","6.47995","7.11998"
"2712","0.5974426","6.511078","7.097229"
"2728","0.6884155","6.4224854","7.2696075"
"2734","0.74108887","6.447632","7.207367"
"2750","0.7722168","6.495514","7.2384796"
"2754","0.812912","6.495514","7.2337036"
"2764","0.8045349","6.445236","7.19899"
"2781","0.8164978","6.4619904","7.0529327"
"2784","0.86079407","6.4548187","6.9799194"
"2800","0.80332947","6.518265","7.04216"
"2804","0.7626343","6.519455","7.056534"
"2821","0.73150635","6.5302277","7.017029"
"2837","0.74946594","6.5086823","7.0313873"
"2847","0.7291107","6.511078","7.133148"
"2868","0.7147522","6.518265","7.212158"
"2888","0.73750305","6.524246","7.2408752"
"2896","0.66207886","6.518265","7.2995453"
"2922","0.6501007","6.5014954","7.2756042"
"2926","0.6764374","6.4141083","7.3486176"
"2952","0.678833","6.408127","7.2732086"
"2967","0.72073364","6.570938","7.224121"
"2970","0.71235657","6.5386047","7.137924"
"2981","0.74946594","6.5338287","7.1415253"
"2996","0.7111664","6.605652","7.286377"
"3000","0.7231293","6.5218506","7.3725586"
"3015","0.76023865","6.5338287","7.4467773"
"3032","0.7446747","6.5841064","7.3366547"
"3051","0.7805939","6.5649414","7.2540436"
"3067","0.7159424","6.5769196","6.953583"
"3082","0.65849304","6.590088","6.820694"
"3096","0.5471649","6.5888824","6.7979584"
"3104","0.5806732","6.5565643","6.851822"
"3115","0.6237793","6.5098877","6.8614044"
"3134","0.5687103","6.5805054","7.056534"
"3151","0.5806732","6.5134735","7.1151886"
"3167","0.53518677","6.4967194","6.96315"
"3183","0.5447693","6.5386047","6.9727325"
"3187","0.599823","6.621216","6.898514"
"3199","0.52560425","6.586502","6.9451904"
"3218","0.6572876","6.654724","7.030197"
"3234","0.67045593","6.6523285","7.164261"
"3251","0.6824341","6.546997","7.2444763"
"3268","0.6249695","6.546997","6.923645"
"3284","0.56510925","6.55896","6.7895813"
"3299","0.5687103","6.555374","6.8386536"
"3317","0.6716614","6.5649414","7.129547"
"3319","0.7003937","6.5769196","7.207367"
"3336","0.73150635","6.55777","7.3964996"
"3352","0.7243347","6.511078","7.37735"
"3368","0.7051697","6.5876923","7.143921"
"3370","0.74227905","6.5888824","6.985901"
"3384","0.7219391","6.622406","6.9499817"
"3399","0.7231293","6.6918335","6.860199"
"3401","0.70158386","6.63797","6.915268"
"3418","0.82728577","6.669098","6.9607544"
"3434","0.8631897","6.709793","6.977524"
"3450","0.85002136","6.7349396","7.093643"
"3452","0.8440399","6.641556","7.1415253"
"3465","0.7865753","6.649948","7.1714478"
"3483","0.78897095","6.6487427","7.076874"
"3486","0.78778076","6.7313385","6.485504"
"3500","0.77819824","6.7121887","6.475937"
"3510","0.70877075","6.5805054","6.812317"
"3525","0.64772034","6.535019","7.0637054"
"3538","0.6884155","6.5302277","7.3055267"
"3551","0.7159424","6.582901","7.212158"
"3566","0.694397","6.6319885","7.057724"
"3570","0.64411926","6.6714935","6.867386"
"3583","0.6716614","6.629593","6.911682"
"15","0.40708923","6.5685425","7.493469"
"27","0.45498657","6.4548187","7.137924"
"50","0.43702698","6.4823456","7.1475067"
"63","0.38793945","6.4823456","7.105606"
"78","0.38435364","6.495514","7.117584"
"93","0.41548157","6.5733337","7.096039"
"110","0.5339966","6.5841064","7.192993"
"126","0.4513855","6.5457916","7.1475067"
"144","0.41427612","6.531433","7.069702"
"161","0.3711853","6.535019","7.0122375"
"178","0.43821716","6.5206604","7.0912476"
"194","0.47174072","6.5062866","7.2109528"
"211","0.5196228","6.526642","7.2444763"
"229","0.5196228","6.500305","7.2612305"
"243","0.47174072","6.4895325","7.239685"
"262","0.49687195","6.5254364","7.2815857"
"278","0.5591278","6.5613556","7.224121"
"295","0.66926575","6.5888824","7.19899"
"311","0.68722534","6.6559296","7.20018"
"315","0.7291107","6.591278","7.169052"
"328","0.72073364","6.6080475","7.1546936"
"341","0.7075653","6.5146637","7.2253265"
"348","0.5519409","6.4512177","7.1415253"
"361","0.50645447","6.4655914","7.100815"
"377","0.4573822","6.5446014","6.9104767"
"393","0.44779968","6.5649414","6.762039"
"410","0.59265137","6.8055573","6.745285"
"427","0.7949524","6.8342896","6.9523773"
"444","0.76982117","6.756485","7.1080017"
"462","0.6608887","6.6714935","7.2301025"
"479","0.43104553","6.4895325","7.116379"
"495","0.3316803","6.4021454","7.128357"
"511","0.31851196","6.3758087","7.1475067"
"528","0.31611633","6.4069366","7.1870117"
"543","0.24189758","6.3806","7.188202"
"560","0.16647339","6.368622","7.1307526"
"577","0.18203735","6.463196","6.9882965"
"593","0.27542114","6.562546","6.938019"
"610","0.32330322","6.5924835","6.9918823"
"627","0.35920715","6.582901","7.1630707"
"643","0.38554382","6.61882","7.4072723"
"662","0.38435364","6.598465","7.4312134"
"676","0.35562134","6.598465","7.3091125"
"700","0.2814026","6.605652","7.1103973"
"708","0.37597656","6.5888824","7.2133484"
"731","0.4178772","6.5338287","7.232498"
"741","0.46694946","6.6559296","7.2648163"
"770","0.46694946","6.5876923","7.2013702"
"804","0.28738403","6.436859","7.066101"
"811","0.27542114","6.4572144","6.903305"
"835","0.32809448","6.420105","6.932022"
"844","0.5172272","6.7361298","7.207367"
"867","0.56152344","6.7313385","7.1463165"
"873","0.6070099","6.7780304","7.2181396"
"906","0.54237366","6.812744","7.0996246"
"929","0.22393799","6.7696533","6.9655457"
"934","0.11740112","6.6714935","6.993088"
"947","0.09825134","6.681061","7.033783"
"966","0.11979675","6.670288","7.033783"
"976","0.07550049","6.5697327","7.057724"
"999","0.10183716","6.567337","7.109207"
"1006","0.11500549","6.6726837","6.903305"
"1033","0.10423279","6.733734","6.678238"
"1038","0.056350708","6.859436","6.4639587"
"1062","0.050354004","6.8965454","6.4591675"
"1070","0.021636963","6.7983856","6.669861"
"1079","-0.016677856","6.775635","6.7871857"
"1106","0.033599854","6.742111","6.78598"
"1109","0.11859131","6.8103485","7.133148"
"1135","0.074295044","6.8019714","7.1103973"
"1140","0.09346008","6.756485","6.939209"
"1169","0.03718567","6.7828217","6.8889313"
"1202","-0.1315918","6.9097137","6.662674"
"1212","0.17486572","6.97435","6.7081757"
"1239","0.20718384","6.993515","6.7823944"
"1267","-0.059768677","7.0509644","7.021805"
"1272","-0.23693848","6.863022","6.8338623"
"1298","-0.35784912","6.724167","6.6363525"
"1303","-0.48234558","6.739731","6.4639587"
"1313","-0.49671936","6.8259125","6.3753815"
"1339","-0.48594666","6.8247223","6.362213"
"1345","-0.51586914","6.807953","6.6207886"
"1373","-0.5098877","6.784012","6.602829"
"1400","-0.34228516","6.7947845","6.836258"
"1406","-0.37101746","6.8821716","6.7752075"
"1433","-0.4165039","6.946823","6.662674"
"1439","-0.4931183","6.8857727","6.570511"
"1467","-0.5122833","6.9121094","6.575287"
"1478","-0.3877716","6.933655","6.6519012"
"1501","-0.32432556","6.9911194","6.619583"
"1510","-0.22257996","7.010269","6.709366"
"1532","-0.25849915","7.0114594","6.7512665"
"1540","-0.3949585","7.056961","6.623184"
"1568","-0.48713684","7.0880737","6.590851"
"1599","-0.58529663","6.9516144","6.5142365"
"1611","-0.46559143","7.0665283","6.2879944"
"1634","-0.39855957","7.1060333","6.3478394"
"1641","-0.31834412","7.214966","6.15271"
"1666","-0.27285767","7.1826477","6.1946106"
"1672","-0.3949585","7.0114594","6.525009"
"1698","-0.4847412","7.001892","6.5968475"
"1703","-0.54460144","6.997101","6.618393"
"1731","-0.582901","6.9456177","6.6016235"
"1744","-0.56256104","7.112015","6.3322754"
"1772","-0.543396","7.155121","6.3478394"
"1785","-0.32911682","7.068924","6.3993225"
"1825","-0.29440308","7.108429","6.382553"
"1829","-0.29560852","7.107239","6.2460938"
"1839","-0.25610352","7.0976562","6.2377167"
"1855","-0.25131226","7.0473785","6.183838"
"1859","-0.26687622","7.005478","6.0916595"
"1873","-0.24293518","7.005478","6.108429"
"1888","-0.1770935","6.898941","6.0796967"
"1891","-0.21539307","6.8642273","6.176651"
"1905","-0.21899414","6.875","6.21138"
"1911","-0.24891663","6.906128","6.2496796"
"1923","-0.246521","6.9216766","6.2616577"
"1940","-0.1603241","6.9240723","6.349045"
"1958","-0.11004639","6.863022","6.443619"
"1963","-0.25610352","6.8330994","6.5022736"
"1976","-0.26687622","6.891754","6.448395"
"1988","-0.3542633","6.851059","6.491501"
"1995","-0.45840454","6.653534","6.4196625"
"2005","-0.43206787","6.6080475","6.4663544"
"2022","-0.3039856","6.6176147","6.6207886"
"2040","-0.074142456","6.6008606","7.026596"
"2047","0.103027344","6.5457916","7.3079224"
"2059","0.11619568","6.562546","7.3486176"
"2073","0.11619568","6.5613556","7.623947"
"2076","-0.007095337","6.5852966","7.6814117"
"2090","-0.057373047","6.518265","7.7472534"
"2106","-0.1710968","6.3829803","7.77359"
"2124","-0.22737122","6.2692566","7.6957855"
"2128","-0.21539307","6.263275","7.550934"
"2143","-0.17828369","6.262085","7.5138245"
"2153","-0.010696411","6.40094","7.3593903"
"2160","0.06472778","6.502701","7.301941"
"2171","0.11500549","6.476364","7.2935486"
"2180","0.16288757","6.519455","7.1870117"
"2189","0.16288757","6.5014954","7.1151886"
"2203","0.1652832","6.5146637","7.0122375"
"2211","0.16767883","6.3997498","6.8937225"
"2222","0.14613342","6.4332733","6.947586"
"2240","0.24308777","6.341095","6.9248505"
"2257","0.31730652","6.3315125","7.0086365"
"2261","0.45259094","6.376999","7.1499023"
"2273","0.47772217","6.421295","7.208557"
"2297","0.4681549","6.420105","7.310318"
"2302","0.34843445","6.2908173","7.418045"
"2328","0.31730652","6.277649","7.313904"
"2333","0.35562134","6.2213745","7.3474274"
"2343","0.4573822","6.175888","7.4036865"
"2360","0.5172272","6.0980835","7.3558044"
"2365","0.62138367","6.116028","7.5652924"
"2380","0.6967926","6.1567383","7.61557"
"2387","0.9218445","6.3243256","7.8418274"
"2395","0.99487305","6.2908173","7.9256287"
"2416","0.98768616","6.282425","7.979492"
"2424","0.8153076","6.2967987","7.911255"
"2444","0.797348","6.3039856","7.9615326"
"2457","0.57948303","6.1387787","7.6610565"
"2479","0.5687103","6.1100464","7.6682434"
"2486","0.75904846","6.1723022","7.627548"
"2517","0.85839844","6.247711","7.6024017"
"2528","0.891922","6.2644806","7.485092"
"2551","0.85362244","6.2752533","7.485092"
"2557","0.79615784","6.238144","7.366577"
"2577","0.7614441","6.159134","7.3785553"
"2594","0.7219391","6.112442","7.37735"
"2607","0.7446747","6.1064606","7.37735"
"2609","0.7829895","6.108856","7.3582"
"2622","0.8093262","6.148361","7.3845367"
"2638","0.7937622","6.192642","7.353409"
"2639","0.8236847","6.2201843","7.414459"
"2655","0.8380585","6.186661","7.2839813"
"2662","0.83206177","6.192642","7.330658"
"2675","0.8045349","6.230957","7.329468"
"2690","0.8009491","6.2046204","7.373764"
"2708","0.80332947","6.192642","7.543747"
"2712","0.7542572","6.1567383","7.5497284"
"2728","0.7901764","6.1543427","7.487488"
"2747","0.7291107","6.1256104","7.4396057"
"2754","0.79855347","6.199829","7.3845367"
"2781","0.8081207","6.2165833","7.301941"
"2783","0.8117218","6.22377","7.3474274"
"2815","0.8009491","6.210602","7.627548"
"2826","0.82728577","6.262085","7.626343"
"2852","0.8380585","6.2692566","7.548538"
"2857","0.71235657","6.155533","7.335449"
"2872","0.6656647","6.1818695","7.366577"
"2878","0.6501007","6.1375885","7.4192505"
"2889","0.68003845","6.163925","7.4204407"
"2906","0.6537018","6.1615295","7.469528"
"2923","0.6752472","6.135193","7.4599457"
"2930","0.6884155","6.153137","7.4587555"
"2945","0.6932068","6.111252","7.5078278"
"2948","0.6141968","6.1651154","7.3629913"
"2959","0.6165924","6.1723022","7.370163"
"2978","0.6165924","6.183075","7.349823"
"2990","0.68722534","6.246521","7.4192505"
"3008","0.7650299","6.2680664","7.3833313"
"3030","0.718338","6.230957","7.3174896"
"3042","0.6429291","6.116028","7.469528"
"3059","0.5854645","6.153137","7.414459"
"3062","0.57588196","6.129196","7.432419"
"3075","0.5591278","6.120819","7.382141"
"3091","0.5782776","6.160324","7.394104"
"3094","0.6453247","6.210602","7.3845367"
"3109","0.678833","6.230957","7.4443817"
"3124","0.6489105","6.20343","7.361786"
"3142","0.55075073","6.238144","7.368973"
"3145","0.44300842","6.1854706","7.382141"
"3160","0.44779968","6.1627197","7.4910736"
"3177","0.421463","6.139969","7.480301"
"3193","0.44421387","6.1100464","7.5138245"
"3209","0.49926758","6.135193","7.6323395"
"3225","0.61898804","6.1854706","7.61438"
"3228","0.6429291","6.199829","7.658676"
"3243","0.64172363","6.210602","7.610779"
"3259","0.61180115","6.167511","7.626343"
"3276","0.58306885","6.147156","7.4838867"
"3292","0.61061096","6.195038","7.4156647"
"3308","0.69918823","6.232147","7.354599"
"3309","0.718338","6.247711","7.342636"
"3325","0.6848297","6.2453156","7.3330536"
"3342","0.7063751","6.297989","7.428833"
"3358","0.74108887","6.1770935","7.425232"
"3362","0.67045593","6.2165833","7.274399"
"3375","0.694397","6.2417297","7.313904"
"3391","0.7039795","6.2884216","7.262436"
"3409","0.7039795","6.306366","7.248062"
"3425","0.69081116","6.294403","7.256439"
"3442","0.64053345","6.2608795","7.322281"
"3447","0.6034241","6.1782837","7.318695"
"3462","0.5591278","6.190262","7.3988953"
"3474","0.49449158","6.192642","7.485092"
"3494","0.49209595","6.167511","7.4659424"
"3512","0.59025574","6.1962433","7.4671326"
"3517","0.6560974","6.266876","7.4431915"
"3526","0.66926575","6.2405396","7.452774"
"3549","0.7051697","6.2884216","7.430023"
"3559","0.64411926","6.265671","7.5030518"
"3575","0.6608887","6.274048","7.5138245"
"3577","0.61061096","6.20343","7.5533295"
"3591","0.62257385","6.198639","7.567688"
"3607","0.5962372","6.2165833","7.4743195"
"3609","0.5184326","6.195038","7.325882"
"3621","0.5268097","6.192642","7.311508"
"3639","0.6596832","6.2333527","7.2803802"
"3658","0.733902","6.306366","7.2061615"
"3661","0.70158386","6.353058","7.153488"
"3675","0.72073364","6.353058","7.14032"
"3691","0.6644745","6.3782043","7.113983"
"3709","0.64172363","6.3279266","7.291153"
"3725","0.58665466","6.2884216","7.401291"
"3741","0.6680603","6.3638306","6.3370667"
"3750","0.47053528","5.9951324","7.414459"
"3766","0.5687103","6.0286407","7.938797"
"3779","0.74108887","6.2213745","8.20694"
"3793","0.718338","6.38179","8.070465"
"3808","0.7231293","6.287216","7.600006"
"3827","0.7003937","6.1651154","7.239685"
"17","0.5579376","6.484741","7.45636"
"25","0.5699005","6.448822","7.145111"
"33","0.59384155","6.4296722","7.0289917"
"52","0.5687103","6.4572144","7.011032"
"66","0.7003937","6.550583","7.1307526"
"83","0.7111664","6.53981","7.349823"
"103","0.7219391","6.47876","7.374954"
"105","0.70996094","6.4823456","7.414459"
"120","0.65249634","6.4595947","7.3845367"
"136","0.5471649","6.4308777","7.3330536"
"151","0.4585724","6.3482666","7.2408752"
"167","0.40231323","6.3793945","7.1858215"
"186","0.47653198","6.397354","7.1666565"
"202","0.59265137","6.484741","7.2612305"
"215","0.61061096","6.518265","7.2492676"
"219","0.58665466","6.4595947","7.192993"
"233","0.53279114","6.456009","7.27919"
"238","0.4406128","6.3710175","7.243271"
"251","0.47772217","6.345871","7.227707"
"266","0.40589905","6.345871","7.184616"
"270","0.34603882","6.3590393","7.1822205"
"285","0.3316803","6.3782043","7.155884"
"302","0.39512634","6.4260864","7.1858215"
"317","0.44659424","6.445236","7.1223755"
"335","0.5483551","6.4344635","7.215744"
"350","0.59265137","6.4177094","7.2803802"
"367","0.6022186","6.447632","7.3677673"
"371","0.5579376","6.3758087","7.4396057"
"385","0.5447693","6.3554535","7.4264374"
"400","0.4178772","6.428482","7.329468"
"419","0.44421387","6.38179","7.227707"
"422","0.47413635","6.368622","7.14032"
"436","0.51364136","6.405731","7.085251"
"452","0.4980774","6.5098877","7.056534"
"467","0.50645447","6.5134735","7.0397644"
"484","0.56510925","6.4416504","7.135544"
"502","0.4585724","6.518265","7.2265167"
"518","0.6070099","6.542206","7.216934"
"533","0.64772034","6.4595947","7.306717"
"551","0.7291107","6.412918","7.4420013"
"567","0.6752472","6.3638306","7.5341644"
"581","0.5495453","6.2967987","7.4838867"
"587","0.4226532","6.555374","7.5928345"
"604","0.4106903","6.574524","7.5724792"
"618","0.27542114","6.7516937","7.571274"
"635","0.36160278","6.6667023","7.7724"
"649","0.35920715","6.495514","7.734085"
"665","0.09225464","6.4739685","7.4240417"
"684","-0.15792847","6.570938","7.136734"
"687","-0.3374939","6.6990204","7.1391296"
"703","-0.33151245","6.7313385","7.1786346"
"719","-0.27764893","6.7696533","7.524597"
"735","-0.1663208","6.4931183","7.4384003"
"738","-0.24891663","6.515869","7.2049713"
"751","-0.2752533","6.503891","7.148697"
"766","-0.44044495","6.6678925","6.5501556"
"769","-0.6116333","6.8187256","6.250885"
"785","-0.6990204","6.8462677","6.2772217"
"800","-0.7876129","6.878586","6.564514"
"817","-0.84028625","6.6571198","6.800354"
"820","-0.8438721","6.5924835","6.9044952"
"833","-0.82951355","6.5805054","6.8769684"
"849","-0.7672577","6.768448","6.6136017"
"866","-0.8103485","6.9204865","6.451996"
"884","-1.017456","7.108429","6.113205"
"900","-1.1706848","7.4196777","5.2692566"
"913","-1.1371613","7.0629425","4.990326"
"930","-1.1072388","6.8450623","5.0549774"
"933","-1.1455383","6.9132996","5.3997345"
"948","-1.2496948","6.970764","5.5529633"
"953","-1.4304504","6.9252777","5.9372406"
"967","-1.3322906","6.95401","6.005478"
"981","-1.1156158","7.0713196","6.1144104"
"988","-1.0521698","7.022232","6.0006866"
"1014","-1.0425873","6.9887238","5.8845673"
"1029","-0.84147644","7.0701294","5.5326233"
"1037","-0.7121887","6.997101","5.4117126"
"1047","-0.69184875","6.9635773","5.392563"
"1062","-0.48953247","7.0234375","5.274048"
"1066","-0.33511353","7.0246277","5.3243256"
"1081","-0.28004456","7.096466","5.366226"
"1086","-0.20462036","6.9647827","5.7636566"
"1098","-0.16871643","6.9204865","5.8019714"
"1114","-0.33988953","6.7433167","6.1311646"
"1116","-0.4021454","6.6439514","6.4663544"
"1132","-0.4272766","6.597275","6.8075256"
"1137","-0.2501068","6.3865814","7.192993"
"1151","-0.2285614","6.365036","7.258835"
"1164","-0.14356995","6.175888","7.4707184"
"1170","-0.0035095215","6.214203","7.571274"
"1183","0.0024719238","6.282425","7.5772705"
"1198","0.2012024","6.4033356","7.6909943"
"1218","0.52201843","6.4141083","7.8741455"
"1237","0.7506714","6.388977","8.02977"
"1250","0.599823","6.3159485","8.060898"
"1273","0.53279114","6.3207397","8.078857"
"1282","0.41427612","6.187866","8.197372"
"1299","0.48132324","6.1304016","8.28595"
"1302","0.6273651","6.111252","8.321869"
"1314","0.639328","6.126816","8.333832"
"1330","0.6752472","6.174698","8.24765"
"1334","0.66326904","6.226166","8.141098"
"1352","0.6596832","6.2022247","8.051315"
"1369","0.5699005","6.1387787","7.821472"
"1379","0.52201843","6.076523","7.7149353"
"1399","0.5495453","6.041809","7.6083984"
"1416","0.6177826","6.0980835","7.4503784"
"1434","0.68122864","6.167511","7.2803802"
"1438","0.73869324","6.187866","7.215744"
"1450","0.76023865","6.1938477","7.2767944"
"1468","0.83206177","6.263275","7.3438263"
"1488","0.891922","6.2525024","7.5389557"
"1499","0.79255676","6.2441254","7.5449524"
"1516","0.74946594","6.215393","7.45755"
"1522","0.69799805","6.147156","7.3917084"
"1536","0.6680603","6.119629","7.3988953"
"1551","0.68722534","6.1304016","7.3964996"
"1566","0.6884155","6.168701","7.4838867"
"1586","0.75665283","6.1567383","7.564102"
"1601","0.7362976","6.1387787","7.4791107"
"1618","0.678833","6.2058105","7.373764"
"1635","0.6058197","6.1890564","7.3582"
"1661","0.52441406","6.052582","7.5652924"
"1666","0.4908905","6.0980835","7.432419"
"1687","0.5112457","6.0837097","7.37735"
"1698","0.4908905","6.1411743","7.461151"
"1726","0.5088501","6.1339874","7.4791107"
"1760","0.5471649","6.041809","7.5652924"
"1767","0.45378113","6.0633545","7.5652924"
"1794","0.41548157","6.0549774","7.5772705"
"1799","0.5052643","6.0633545","7.3474274"
"1831","0.5268097","6.1256104","7.4120636"
"1863","0.7171478","6.174698","7.629944"
"1870","0.5842743","6.0681458","7.61557"
"1900","0.5854645","6.076523","7.627548"
"1924","0.6572876","6.0861053","7.6012115"
"1931","0.7231293","6.148361","7.5305786"
"1951","0.8236847","6.160324","6.958359"
"1962","0.6967926","6.1148376","7.4623413"
"1988","0.65849304","6.187866","7.461151"
"2004","0.7231293","6.1615295","7.361786"
"15","0.49687195","5.9400635","7.7113495"
"25","0.5734863","6.060974","7.8334503"
"42","0.59384155","6.009491","7.741272"
"57","0.5279999","6.002304","7.7724"
"72","0.58665466","5.98674","7.7233124"
"90","0.6824341","6.056183","7.7316895"
"106","0.6465149","5.9831543","7.749649"
"123","0.5962372","6.0633545","7.7161255"
"140","0.49209595","6.032242","7.761627"
"157","0.43223572","5.9197083","7.750839"
"174","0.3783722","5.811966","7.761627"
"190","0.44300842","5.8766174","7.674225"
"206","0.4801178","5.9664","7.6371155"
"224","0.5567322","5.98555","7.579666"
"241","0.44181824","5.9089355","7.5186157"
"258","0.4118805","5.899353","7.4791107"
"274","0.5016632","5.993927","7.53656"
"290","0.5303955","6.0106964","7.5856476"
"307","0.53160095","6.0046997","7.686203"
"322","0.50405884","5.9843597","7.766403"
"340","0.5339966","5.8921814","7.7113495"
"344","0.50286865","5.946045","7.6598663"
"358","0.53160095","5.937668","7.701767"
"374","0.57948303","5.9556274","7.638321"
"389","0.5699005","5.918518","7.6095886"
"405","0.5447693","5.98674","7.5449524"
"429","0.4693451","6.025055","7.428833"
"438","0.55433655","5.9915314","7.5892334"
"454","0.5746918","6.016678","7.717331"
"457","0.6560974","6.048996","7.7724"
"471","0.6752472","5.98674","7.6610565"
"487","0.733902","6.0118866","7.61438"
"505","0.64053345","5.990341","7.6610565"
"508","0.5770874","5.9316864","7.7400665"
"524","0.6177826","5.9280853","7.708954"
"543","0.599823","5.9891357","7.87175"
"550","0.7518616","5.9963226","7.9914703"
"583","0.89671326","6.0669556","7.9567413"
"592","0.8823395","6.129196","7.804718"
"627","0.8631897","6.1028595","7.7640076"
"631","0.44300842","6.089691","7.6323395"
"671","0.263443","5.9831543","7.5233917"
"708","0.15570068","5.911331","7.430023"
"716","0.33407593","6.2094116","7.5078278"
"724","0.31253052","6.186661","7.526993"
"766","0.27900696","6.1974335","7.509033"
"801","0.0790863","6.226166","7.598816"
"807","-0.028640747","6.3638306","7.7592316"
"832","-0.03942871","6.350662","7.7113495"
"837","-0.0059051514","6.4392548","7.748459"
"869","0.012054443","6.4416504","7.6323395"
"895","-0.2932129","6.6008606","6.930832"
"899","-0.28961182","6.3985443","6.7979584"
"908","-0.32432556","6.452423","6.7560577"
"930","-0.31954956","6.4943237","6.741684"
"938","-0.021469116","6.5565643","6.9128723"
"959","-0.04899597","6.654724","6.8709717"
"970","-0.1555481","6.7864075","6.661484"
"992","-0.21180725","6.8570404","6.611206"
"1003","-0.24412537","6.8247223","6.0820923"
"1023","-0.18307495","7.1299744","5.821121"
"1047","-0.04660034","7.242508","5.5924683"
"1054","0.026412964","6.997101","5.7193604"
"1076","-0.12921143","6.9839325","5.7720337"
"1086","-0.40933228","6.902527","5.860626"
"1105","-0.46559143","7.036606","5.79718"
"1130","-0.5206604","6.9994965","5.6451416"
"1138","-0.22976685","6.9528046","5.8115387"
"1176","-0.06814575","6.8845673","5.912094"
"1179","0.1365509","6.8845673","6.1311646"
"1190","0.18084717","6.811554","6.23053"
"1201","0.15090942","6.847458","6.3610077"
"1210","-0.0035095215","6.7660675","6.6123962"
"1223","-0.03463745","6.702606","6.6806335"
"1238","-0.08370972","6.5290375","7.057724"
"1251","-0.008300781","6.4033356","7.3366547"
"1267","0.103027344","6.384186","7.5389557"
"1271","0.15809631","6.353058","7.5736694"
"1285","0.21914673","6.287216","7.6119843"
"1293","0.14253235","6.326721","7.606003"
"1305","0.14852905","6.3087616","7.5976105"
"1319","0.18203735","6.294403","7.547333"
"1322","0.19880676","6.344681","7.51622"
"1337","0.1772461","6.350662","7.53537"
"1350","0.053955078","6.198639","7.4515686"
"1352","0.045578003","6.183075","7.4551697"
"1367","0.15330505","6.112442","7.5150146"
"1374","0.28977966","6.139969","7.600006"
"1385","0.36878967","6.116028","7.784363"
"1402","0.50286865","6.071747","8.042938"
"1419","0.5806732","6.041809","8.235672"
"1426","0.5675049","6.041809","8.2895355"
"1438","0.52082825","6.0705414","8.235672"
"1452","0.50645447","6.1220245","8.002243"
"1455","0.44898987","6.089691","7.746063"
"1470","0.4106903","6.12442","7.726898"
"1475","0.5172272","6.1459656","7.583252"
"1493","0.5579376","6.104065","7.5413513"
"1509","0.8153076","6.1375885","7.5078278"
"1516","0.87875366","6.131592","7.6969757"
"1535","0.8045349","6.167511","7.6335297"
"1553","0.6848297","6.1076508","7.689789"
"1557","0.6489105","6.025055","7.6610565"
"1574","0.62138367","6.037033","7.682617"
"1579","0.678833","5.9831543","7.603607"
"1587","0.69200134","5.930481","7.547333"
"1611","0.6860199","5.9951324","7.512619"
"1619","0.8667908","6.06456","7.4240417"
"1648","0.8775635","6.105255","7.447983"
"1688","0.7746124","6.0837097","7.667053"
"1722","0.6776428","6.0358276","7.7592316"
"1732","0.7039795","6.0789185","7.582062"
"1766","0.7805939","6.0944824","7.626343"
"1772","0.74108887","6.116028","7.524597"
"1799","0.65130615","6.06575","7.519806"
"1805","0.555542","5.98674","7.528183"
"1831","0.5591278","6.033432","7.5389557"
"1836","0.6357422","5.9592133","7.5581055"
"1863","0.62976074","5.9795685","7.6251526"
"1875","0.58306885","5.978363","7.488678"
"1904","0.57110596","5.9915314","7.4659424"
"1931","0.61538696","6.0274506","7.4671326"
"1940","0.57948303","6.1064606","7.5257874"
"1957","0.6034241","6.0753326","7.5461426"
"1968","0.63334656","5.993927","7.623947"
"1998","0.64053345","6.0046997","7.665848"
"2035","0.70877075","6.0238647","7.823868"
"2040","0.6489105","6.0035095","7.619171"
"2069","0.6560974","6.0226593","7.5856476"
"2099","0.68122864","6.0549774","7.4467773"
"2103","0.6824341","6.147156","7.430023"
"2130","0.6668701","6.1100464","7.3881226"
"2132","0.64772034","6.072937","7.3869324"
"2145","0.678833","5.978363","7.464737"
"2174","0.6369324","5.992737","7.63472"
"2195","0.6177826","6.056183","7.543747"
"16","0.39033508","5.7269745","7.7604218"
"26","0.27781677","5.688675","7.7436676"
"36","0.32688904","5.681488","7.7161255"
"58","0.2909851","5.7018433","7.746063"
"76","0.3101349","5.7784576","7.766403"
"93","0.3352661","5.839508","7.7592316"
"96","0.3496399","5.795212","7.9459686"
"117","0.28379822","5.800003","7.9364014"
"136","0.30415344","5.7437286","7.966324"
"152","0.21556091","5.7461243","7.8526"
"169","0.18203735","5.7317657","7.741272"
"184","0.16886902","5.6838837","7.758026"
"200","0.21795654","5.685074","7.8095093"
"218","0.2730255","5.6862793","7.77359"
"222","0.32928467","5.72818","7.689789"
"239","0.27062988","5.7413483","7.687393"
"256","0.23950195","5.7473297","7.5928345"
"273","0.2059784","5.7904205","7.6167755"
"289","0.2119751","5.6671143","7.742462"
"293","0.26464844","5.643173","7.9016876"
"307","0.3065338","5.65036","7.9447784"
"322","0.30415344","5.760498","7.9495697"
"336","0.3209076","5.7664795","7.8825226"
"352","0.27182007","5.756897","7.7783813"
"368","0.28858948","5.7150116","7.781967"
"387","0.36160278","5.7305603","7.7544403"
"397","0.4298401","5.811966","7.859787"
"419","0.4011078","5.7664795","7.8106995"
"432","0.35920715","5.7592926","7.8190765"
"435","0.31851196","5.768875","7.8813324"
"449","0.302948","5.7497253","7.8897095"
"466","0.35801697","5.712616","7.8897095"
"483","0.42025757","5.72818","7.6993713"
"487","0.41667175","5.820343","7.6371155"
"501","0.39871216","5.8131714","7.621567"
"516","0.31611633","5.792816","7.582062"
"520","0.2909851","5.755707","7.698181"
"533","0.29336548","5.760498","7.6754303"
"551","0.29696655","5.7030334","7.8250732"
"567","0.31132507","5.688675","7.8657684"
"585","0.31492615","5.72937","7.8549957"
"600","0.32809448","5.7712708","7.758026"
"617","0.26583862","5.712616","7.837036"
"620","0.2849884","5.720993","7.7915497"
"636","0.2526703","5.7257843","7.7999268"
"643","0.30534363","5.815567","7.8693542"
"653","0.3496399","5.7808533","7.876541"
"672","0.38076782","5.792816","7.863373"
"686","0.42625427","5.832321","7.8825226"
"713","0.4286499","5.7940216","7.8657684"
"747","0.3783722","5.7233887","8.002243"
"778","0.38793945","5.819153","7.971115"
"785","0.36878967","5.8574677","8.137512"
"812","0.35562134","5.8406982","8.057297"
"816","0.29936218","5.867035","8.44516"
"838","0.28259277","5.870636","8.54332"
"845","0.29815674","5.8694305","8.331436"
"873","0.35203552","5.855072","8.375732"
"877","0.22514343","6.017868","8.278763"
"905","0.08627319","6.171097","8.0082245"
"919","0.19641113","6.3698273","7.4623413"
"939","0.30415344","6.2991943","7.335449"
"950","0.40589905","6.670288","7.014633"
"965","0.29336548","6.7852173","6.8350677"
"969","-0.17469788","6.907318","6.6159973"
"984","-0.25489807","6.8965454","6.6016235"
"999","-0.64634705","6.526642","6.2772217"
"1017","-0.61642456","6.337494","5.9408264"
"1021","-0.5098877","6.4667816","5.8498535"
"1041","-0.4703827","6.4931183","5.81514"
"1052","-0.54100037","6.6906433","5.931259"
"1076","-0.5805054","6.605652","5.9839325"
"1081","-0.5326233","6.445236","6.525009"
"1106","-0.4883423","6.4464417","6.662674"
"1116","-0.43206787","6.8247223","6.729721"
"1135","-0.4165039","6.799576","6.6997986"
"1151","-0.4560089","7.0186462","6.364609"
"1166","-0.41770935","7.0701294","6.4819183"
"1188","-0.53022766","6.842682","6.422058"
"1197","-0.7552948","6.7277527","6.4076996"
"1217","-0.8031769","6.768448","6.349045"
"1241","-0.71698","6.926468","6.07251"
"1250","-0.4631958","6.775635","5.962372"
"1284","-0.31115723","6.748108","5.934845"
"1297","-0.023864746","6.7708435","5.6762695"
"1300","0.058746338","6.694229","5.7828064"
"1313","0.028808594","6.6714935","5.8175354"
"1330","-0.05857849","6.47995","6.1587067"
"1349","-0.15194702","6.2010345","6.4543915"
"1352","-0.07054138","5.9592133","6.7823944"
"1365","-0.023864746","5.9161224","6.930832"
"1381","0.19161987","5.7652893","7.586838"
"1384","0.38793945","5.7545166","8.044128"
"1398","0.47413635","5.661133","8.163849"
"1414","0.7291107","5.619232","8.811478"
"1429","0.8835449","5.5917053","9.281937"
"1437","0.8667908","5.6707153","9.351364"
"1453","0.7446747","5.64917","9.372925"
"1455","0.6034241","5.772461","9.345383"
"1467","0.26942444","5.685074","8.947952"
"1481","0.2347107","5.6527557","8.92041"
"1493","0.1940155","5.6204376","8.512207"
"1498","0.15330505","5.6599426","8.325455"
"1509","0.17845154","5.7150116","8.151871"
"1516","0.22035217","5.7748566","7.978302"
"1528","0.30055237","5.784439","7.9914703"
"1545","0.4394226","5.72818","8.036957"
"1549","0.44659424","5.641983","8.137512"
"1563","0.53160095","5.6635284","8.150681"
"1569","0.58187866","5.5893097","8.236862"
"1580","0.57588196","5.6072693","8.193771"
"1596","0.53518677","5.562973","8.038147"
"1601","0.46575928","5.602478","7.804718"
"1616","0.41906738","5.5917053","7.7352905"
"1621","0.31851196","5.5881195","7.567688"
"1636","0.32209778","5.606064","7.566498"
"1641","0.34126282","5.6599426","7.5569153"
"1653","0.4334259","5.689865","7.701767"
"1676","0.4406128","5.6719055","7.7831726"
"1683","0.63334656","5.6276245","7.9292145"
"1710","0.6201782","5.634796","7.900482"
"1746","0.64411926","5.7305603","7.926819"
"1756","0.48609924","5.661133","8.022583"
"1782","0.5052643","5.6515656","8.075256"
"1787","0.4873047","5.6168365","8.015411"
"1799","0.42625427","5.5533905","7.787964"
"1830","0.42744446","5.5569916","7.8502045"
"1839","0.53637695","5.5845184","7.856186"
"1867","0.6453247","5.5677643","7.9256287"
"1881","0.5471649","5.6527557","7.926819"
"1912","0.52082825","5.6479645","7.9495697"
"1938","0.5279999","5.5450134","7.859787"
"1943","0.64053345","5.6168365","7.924423"
"1953","0.7039795","5.688675","8.021393"
"1969","0.6764374","5.6599426","8.0082245"
"1972","0.7075653","5.64917","8.02977"
"1981","0.6776428","5.626419","7.9519653"
"2002","0.6429291","5.665924","7.9100647"
"2004","0.6453247","5.653946","7.919632"
"2015","0.6429291","5.6276245","7.9495697"
"2028","0.6489105","5.5893097","7.942383"
"2036","0.7219391","5.6168365","7.957947"
"2048","0.7362976","5.6324005","7.9280243"
"2066","0.6896057","5.633606","7.9064636"
"2082","0.6070099","5.6515656","7.785568"
"2099","0.51364136","5.6683197","7.8334503"
"2115","0.51483154","5.585724","7.868164"
"2132","0.53279114","5.5366364","7.8190765"
"2146","0.5232086","5.6276245","7.789154"
"2164","0.62138367","5.732956","7.7436676"
"2169","0.5986328","5.6790924","7.746063"
"2183","0.5699005","5.6479645","7.750839"
"2198","0.52201843","5.597687","7.875351"
"2217","0.516037","5.530655","7.9759064"
"2235","0.46455383","5.5486145","7.995056"
"2241","0.421463","5.558182","8.004639"
"2253","0.47053528","5.5833282","7.997452"
"2278","0.5052643","5.585724","8.020187"
"2312","0.421463","5.561783","7.9375916"
"2346","0.6034241","5.6994476","7.875351"
"2371","0.4178772","5.610855","7.8537903"
"2374","0.4394226","5.595291","7.8346405"
"2384","0.48849487","5.5569916","7.784363"
"2415","0.49926758","5.540222","7.828659"
"2447","0.6381378","5.664734","8.023788"
"2482","0.58665466","5.700638","7.880127"
"2509","0.555542","5.661133","7.758026"
"2543","0.5279999","5.6599426","7.9340057"
"2548","0.5124359","5.610855","7.883728"
"2573","0.5088501","5.633606","7.801117"
"2579","0.58306885","5.74852","7.7556305"
"2606","0.61538696","5.681488","7.801117"
"2619","0.5172272","5.595291","7.184616"
"2643","0.4406128","5.49234","8.150681"
"2656","0.47413635","5.626419","8.679794"
"2669","0.5471649","5.645569","8.380524"
"2682","0.59384155","5.619232","8.026184"
"24","1.1361237","2.4780426","9.509384"
"32","1.2402802","2.5606384","9.478256"
"68","1.2905579","2.6109161","9.546494"
"73","1.3516083","2.5379028","9.472275"
"84","1.3097076","2.506775","9.457916"
"105","1.2761993","2.4960022","9.381302"
"121","1.2450714","2.5043793","9.253204"
"134","1.1768341","2.4708557","9.321442"
"148","1.2067566","2.4696655","9.41362"
"169","1.2342987","2.5295258","9.466293"
"184","1.243866","2.5115662","9.4435425"
"185","1.2199249","2.5438843","9.459106"
"201","1.2247162","2.4852295","9.411224"
"216","1.164856","2.4648743","9.43158"
"234","1.1828156","2.4373474","9.393265"
"251","1.1588745","2.5211334","9.435165"
"267","1.1624603","2.4936066","9.518967"
"284","1.1121826","2.4541016","9.512985"
"299","1.1109924","2.436142","9.480652"
"317","1.1265564","2.4134064","9.4435425"
"333","1.184021","2.4660797","9.442352"
"351","1.1696472","2.4457245","9.400452"
"365","1.1349335","2.4181824","9.410034"
"381","1.0906372","2.36911","9.456711"
"399","1.1720428","2.4134064","9.372925"
"404","1.204361","2.479248","9.358551"
"418","1.184021","2.4720612","9.3046875"
"433","1.1098022","2.4493103","9.392075"
"451","1.0870514","2.4169922","9.489044"
"469","1.0283966","2.436142","9.3836975"
"484","1.0535278","2.4134064","9.404037"
"499","1.0643005","2.455307","9.453125"
"515","1.0954285","2.4229736","9.501007"
"534","1.1002197","2.4493103","9.596771"
"552","1.1062012","2.4301605","9.606354"
"559","1.041565","2.3547363","9.605148"
"569","1.0271912","2.3619232","9.582413"
"593","1.0331879","2.4098053","9.509384"
"635","1.1085968","2.4469147","9.478256"
"649","1.034378","2.400238","9.418411"
"687","1.0188141","2.415802","9.43277"
"700","1.149292","2.4373474","9.542908"
"732","1.1612701","2.4313507","9.57164"
"767","1.0307922","2.4612885","9.546494"
"773","1.089447","2.4768524","9.631485"
"784","1.0834656","2.503189","9.675781"
"813","1.089447","2.506775","9.76796"
"842","1.1564789","2.4181824","9.784714"
"876","0.9673462","2.6755676","9.7356415"
"885","0.891922","2.877884","9.617126"
"911","0.8727722","2.8347778","9.649445"
"918","0.8224945","2.6683807","9.708099"
"945","0.7626343","2.7497864","9.636276"
"976","0.64053345","2.855133","9.540512"
"1009","0.555542","2.827591","9.293915"
"1017","0.1772461","2.94133","9.116745"
"1042","0.13296509","3.0155487","9.117935"
"1049","0.24308777","3.095749","9.285522"
"1073","0.32209778","3.0203247","9.277145"
"1079","0.28738403","3.0346985","9.113144"
"1110","0.1652832","2.9245605","9.088013"
"1143","-0.2393341","3.5709991","8.805496"
"1150","0.025222778","3.1687775","9.034134"
"1182","-0.1268158","3.2417908","9.020966"
"1192","-0.5206604","3.2681274","8.773163"
"1201","-0.66430664","3.3603058","8.909637"
"1224","-0.7457123","3.3519287","8.951538"
"1232","-0.6475525","3.1448364","9.129913"
"1250","-0.5924835","3.1567993","9.171799"
"1253","-0.62480164","3.3639069","9.03653"
"1268","-0.6906433","3.4213562","8.995834"
"1284","-0.7121887","3.574585","8.748032"
"1299","-0.6906433","3.622467","8.670227"
"1315","-0.8666229","3.530304","8.726486"
"1334","-0.8175354","3.5326843","9.055679"
"1350","-0.70262146","3.5326843","9.213699"
"1366","-0.60565186","3.4895935","9.218491"
"1381","-0.74212646","3.5686035","9.085617"
"1397","-0.8606262","3.6428223","9.022171"
"1417","-0.98513794","3.6116943","8.912033"
"1429","-1.0006866","3.6368408","8.807892"
"1444","-1.1431427","3.882248","8.349396"
"1451","-1.0006866","3.7697144","8.2608185"
"1460","-0.9372406","3.7302094","8.308701"
"1470","-0.9611969","3.7577515","8.466705"
"1478","-0.9348602","3.7457733","8.548111"
"1494","-0.91090393","3.7182465","8.817459"
"1500","-0.92767334","3.7098541","8.903656"
"1511","-0.96836853","3.7266235","8.800705"
"1527","-1.0832977","3.764923","8.685776"
"1531","-1.1144257","3.8080292","8.473892"
"1546","-1.1144257","3.8259735","8.429596"
"1551","-1.2425079","3.9444885","8.115967"
"1563","-1.1970215","3.978012","8.039352"
"1584","-0.98153687","3.9409027","7.7316895"
"1595","-0.6511383","4.012726","7.847809"
"1603","-0.37101746","4.0043488","7.9735107"
"1611","-0.36024475","3.9863892","7.997452"
"1626","-0.21420288","3.7912598","8.181808"
"1632","-0.23216248","3.684723","8.590012"
"1643","-0.26327515","3.6392365","8.6762085"
"1662","-0.37939453","3.5566254","9.020966"
"1664","-0.4117279","3.547058","9.026962"
"1679","-0.43925476","3.6081085","8.994629"
"1695","-0.33511353","3.7290192","9.004211"
"1712","-0.3363037","3.7457733","8.8940735"
"1715","-0.28961182","3.7996368","8.880905"
"1729","-0.31115723","3.7756958","8.837814"
"1743","-0.26208496","3.8152008","9.065262"
"1747","-0.08610535","3.8798523","9.299896"
"1768","-0.040618896","3.9073792","9.461502"
"1777","0.45259094","2.9521027","8.233276"
"1799","-0.03703308","3.4465027","8.060898"
"1820","-0.06336975","3.7828827","7.962738"
"1828","0.50405884","3.254959","8.507416"
"1856","0.6141968","3.2334137","8.788727"
"1888","1.0595093","3.0718079","9.763168"
"1900","0.9577637","3.052658","9.953506"
"1929","0.92663574","3.0742035","9.914001"
"1958","0.93382263","3.2190552","9.447144"
"1996","1.3911133","3.2968597","9.293915"
"2024","1.635315","3.1005402","9.538116"
"2033","1.3647766","2.8479462","9.47467"
"2050","1.3671722","2.8527374","9.426788"
"2054","1.2845764","2.8084412","9.399261"
"2071","1.291748","2.8024597","9.419601"
"2075","1.3001404","2.7976685","9.43277"
"2084","1.4186401","2.7964783","9.515366"
"2094","1.3946991","2.7617645","9.5896"
"2110","1.5826569","2.7749329","9.699722"
"2116","1.6137695","2.719864","9.732056"
"2127","1.5826569","2.7485962","9.718887"
"2147","1.5419464","2.7342224","9.644653"
"2164","1.4701233","2.649231","9.595581"
"2188","1.3408356","2.642044","9.514175"
"2200","1.2354889","2.5965576","9.662613"
"2218","1.2989349","2.6635895","9.675781"
"2229","1.4904785","2.6875305","9.460312"
"2250","1.4725189","2.6671906","9.321442"
"2269","1.3887177","2.6468353","9.192154"
"2278","1.41745","2.665985","9.110748"
"2299","1.3935089","2.6384583","9.132294"
"2319","1.465332","2.6037445","9.320251"
"2330","1.5634918","2.5833893","9.540512"
"2352","1.5623016","2.570221","9.49263"
"2359","1.456955","2.5534668","9.495026"
"2388","1.4737091","2.5738068","9.438751"
"2390","1.4485779","2.5366974","9.456711"
"2401","1.4138641","2.5881805","9.4674835"
"2425","1.4318085","2.5809937","9.447144"
"2433","1.5132141","2.5606384","9.51178"
"2454","1.4904785","2.5714111","9.503403"
"2463","1.4054718","2.5319214","9.418411"
"2489","1.3671722","2.5199432","9.521362"
"2495","1.4449768","2.4732513","9.509384"
"2526","1.4449768","2.5091705","9.370529"
"2534","1.4713135","2.5522614","9.3489685"
"2571","1.4832916","2.5283203","9.387283"
"2577","1.3168945","2.475647","9.435165"
"2613","1.267807","2.4529114","9.390869"
"2652","1.3887177","2.5558624","9.346588"
"2658","1.3767548","2.6073303","9.407639"
"2667","1.3037262","2.5606384","9.408829"
"2697","1.370758","2.54628","9.376511"
"2730","1.3647766","2.5618439","9.4232025"
"2763","1.4533691","2.5570526","9.424393"
"2792","1.3731537","2.5570526","9.370529"
"2826","1.5168152","2.5714111","9.285522"
"2831","1.5431519","2.54747","9.33342"
"2862","1.5610962","2.558258","9.404037"
"2892","1.465332","2.554657","9.384888"
"2894","1.4581451","2.5570526","9.444748"
"2913","1.4904785","2.558258","9.4830475"
"2938","1.4521637","2.5809937","9.509384"
"2948","1.3959045","2.5259247","9.3884735"
"2964","1.3815308","2.5486755","9.351364"
"2967","1.362381","2.5762024","9.277145"
"2981","1.3611908","2.5762024","9.331024"
"2996","1.3635864","2.5905762","9.390869"
"2999","1.3504181","2.5498657","9.491425"
"3014","1.3839264","2.563034","9.49263"
"3032","1.3408356","2.515152","9.528534"
"3050","1.3719635","2.4744568","9.43158"
"3066","1.5706787","2.5355072","8.56488"
"3074","1.4509735","2.4852295","8.890488"
"3091","1.4078674","2.4983978","9.129913"
"3108","1.2941437","2.4924164","9.700928"
"3123","1.3551941","2.4708557","10.0564575"
"3138","1.326477","2.5223389","9.981049"
"3154","1.4402008","2.5355072","9.67099"
"17","0.27062988","5.340317","8.179413"
"25","0.25746155","5.364258","8.092026"
"33","0.27062988","5.349884","8.138702"
"56","0.29457092","5.365448","8.119553"
"70","0.30773926","5.3917847","8.186584"
"87","0.25985718","5.3905945","8.160248"
"106","0.2167511","5.3869934","8.203354"
"124","0.24787903","5.432495","8.099197"
"139","0.2526703","5.3750305","8.046524"
"156","0.23231506","5.4001617","7.983078"
"171","0.22154236","5.377426","7.990265"
"191","0.16886902","5.3522797","8.064484"
"208","0.2921753","5.306793","8.12793"
"225","0.2742157","5.325943","8.032166"
"242","0.302948","5.4097443","8.035751"
"257","0.22514343","5.3762207","8.014206"
"259","0.27542114","5.3666534","8.032166"
"273","0.27542114","5.345108","8.066879"
"295","0.24308777","5.3714447","8.084839"
"309","0.34005737","5.3474884","8.178207"
"311","0.3639984","5.4229126","8.178207"
"324","0.3723755","5.4576263","8.095612"
"338","0.36878967","5.425308","8.16864"
"353","0.31970215","5.4001617","8.212921"
"377","0.26104736","5.377426","8.321869"
"384","0.3244934","5.4348907","8.385315"
"403","0.3137207","5.348694","8.477493"
"421","0.2670288","5.365448","8.533752"
"424","0.19760132","5.2637024","8.435593"
"438","0.0970459","5.23497","8.435593"
"453","-0.09927368","5.3439026","8.325455"
"454","-0.059768677","5.480377","8.256027"
"472","0.0012817383","5.594101","8.354187"
"488","0.09346008","5.5893097","8.369751"
"503","0.050354004","5.5964966","8.296722"
"507","-0.028640747","5.5533905","8.256027"
"520","-0.038223267","5.511505","8.235672"
"536","-0.1710968","5.4707947","8.256027"
"554","-0.41052246","5.606064","8.290741"
"557","-0.4057312","5.7114105","8.275177"
"572","-0.4416504","5.7832336","8.323059"
"587","-0.41770935","5.9041443","8.069275"
"602","-0.25489807","6.048996","7.957947"
"619","-0.27644348","6.0825195","7.6646576"
"636","-0.5134735","6.100479","7.3234863"
"638","-0.6403656","6.186661","7.090042"
"652","-0.73135376","6.2022247","7.0445557"
"670","-0.7097931","6.218979","7.0230103"
"694","-0.5996704","6.2836304","6.8925323"
"702","-0.69662476","6.4224854","6.736908"
"726","-0.68585205","6.4356537","6.7823944"
"731","-0.7181854","6.4033356","6.72493"
"761","-0.8534546","6.2118073","7.006256"
"773","-0.91929626","6.69783","6.077301"
"797","-0.914505","6.8342896","5.957596"
"802","-0.8666229","6.5876923","5.5733185"
"821","-0.83070374","6.5062866","5.5266266"
"838","-0.9180908","6.61882","5.8414764"
"856","-0.9767456","6.665497","6.501068"
"864","-0.77563477","6.6128387","6.7835846"
"882","-0.93963623","6.6248016","6.6890106"
"886","-1.0677338","6.5781097","6.4005127"
"909","-1.0701294","6.5481873","6.2053833"
"919","-0.9372406","6.495514","5.220169"
"942","-0.6702881","6.642761","5.1040497"
"947","-0.016677856","6.9564056","6.0282135"
"965","-0.100479126","6.737335","6.3610077"
"968","-0.22737122","6.531433","6.6531067"
"986","-0.4236908","6.4153137","6.923645"
"990","-0.6786804","6.087311","7.2756042"
"1004","-0.7193756","5.990341","7.413269"
"1018","-0.8271179","5.7030334","7.520996"
"1035","-0.8247223","5.511505","7.406082"
"1051","-0.8678131","5.498337","7.026596"
"1068","-0.57333374","5.7197876","6.8937225"
"1086","-0.027450562","6.0358276","7.5329742"
"1090","0.27661133","5.950836","8.281158"
"1113","0.38674927","5.9053497","8.446365"
"1122","0.57110596","5.704239","9.4279785"
"1146","0.5746918","5.6515656","9.444748"
"1155","0.41308594","5.507904","8.909637"
"1173","0.43702698","5.507904","8.812668"
"1187","0.302948","5.6958466","8.262009"
"1201","0.30773926","5.6671143","8.2452545"
"1204","0.29457092","5.688675","8.2895355"
"1219","0.2814026","5.6515656","8.230881"
"1232","0.32809448","5.5091095","8.162643"
"1236","0.36639404","5.5653687","8.2260895"
"1250","0.42625427","5.5258636","8.193771"
"1255","0.55314636","5.452835","7.986679"
"1267","0.59265137","5.4899445","7.9759064"
"1286","0.66207886","5.585724","7.682617"
"1302","0.8117218","5.6910706","7.5449524"
"1307","0.9793091","5.722183","7.560501"
"1320","0.9565582","5.767685","7.5569153"
"1336","1.0367737","5.7628937","7.548538"
"1352","1.0188141","5.7784576","7.8777313"
"1370","0.9828949","5.673111","8.131531"
"1393","0.88713074","5.555786","8.092026"
"1400","0.6884155","5.4660034","7.883728"
"1421","0.5986328","5.436081","7.892105"
"1437","0.678833","5.547409","7.8741455"
"1449","0.7805939","5.6000824","7.95076"
"1453","0.8344574","5.5498047","8.051315"
"1468","0.8117218","5.561783","8.096802"
"1475","0.7470703","5.5533905","8.032166"
"1483","0.7758026","5.5533905","8.103989"
"1498","0.73750305","5.578537","8.1267395"
"1503","0.7937622","5.537842","8.151871"
"1517","0.78897095","5.5569916","8.137512"
"1523","0.7829895","5.523468","8.142303"
"1536","0.7662201","5.5102997","8.080048"
"1554","0.70277405","5.618042","7.9687195"
"1572","0.63334656","5.5294495","7.966324"
"1575","0.6608887","5.4576263","7.916046"
"1591","0.599823","5.4492493","7.9064636"
"1597","0.70277405","5.4935455","7.919632"
"1607","0.77101135","5.547409","8.077652"
"1625","0.7518616","5.5174866","8.057297"
"1636","0.6860199","5.4971313","8.132721"
"1662","0.6644745","5.482773","8.066879"
"1667","0.7398834","5.4624176","7.923233"
"1694","0.7063751","5.495941","7.979492"
"1699","0.64772034","5.5653687","8.021393"
"1728","0.6070099","5.535446","8.082443"
"1739","0.634552","5.420517","8.001038"
"1770","0.6501007","5.4300995","8.0872345"
"1800","0.757843","5.5091095","7.966324"
"1831","0.65130615","5.506714","7.979492"
"1853","0.7063751","5.468399","8.001038"
"1871","0.7171478","5.4887543","7.998642"
"1887","0.7805939","5.5246735","7.9998474"
"1903","0.7518616","5.500717","8.124344"
"1919","0.674057","5.4312897","8.153076"
"1936","0.7051697","5.436081","8.069275"
"1953","0.7865753","5.516281","7.918442"
"1955","0.8224945","5.504318","7.995056"
"1971","0.82966614","5.495941","7.918442"
"1988","0.8057251","5.5833282","7.808304"
"2004","0.8009491","5.57016","7.8885193"
"2020","0.8009491","5.5653687","7.8968964"
"2035","0.72073364","5.4731903","8.071671"
"2038","0.7003937","5.444458","8.10997"
"2053","0.7614441","5.424103","8.044128"
"2070","0.5076599","5.3869934","7.234894"
"2078","0.4693451","5.2876434","7.4515686"
"2100","0.53279114","5.3271484","7.9723053"
"2111","0.8823395","5.41333","8.853378"
"2123","0.9230499","5.460022","9.007797"
"2135","0.8416443","5.503113","8.633102"
"2149","0.7542572","5.4612274","8.124344"
