"101134","0.28970337","1.4628601","9.979034"
"101134","0.14604187","1.3814545","9.46907"
"101134","0.07661438","1.3551178","10.06044"
"101134","0.46687317","1.3838501","10.879257"
"101134","0.5961609","1.4868011","10.766724"
"101134","0.5985565","1.256958","10.984604"
"101134","0.73262024","1.7070618","11.101913"
"101134","0.9169769","1.5993195","10.965439"
"101134","0.5793915","1.335968","10.09874"
"101134","0.24659729","1.4221497","10.931931"
"101134","0.3136444","1.5514374","9.191345"
"101134","0.28970337","1.280899","10.807434"
"101134","0.28730774","1.2856903","10.757141"
"101134","0.22744751","1.4125824","9.662994"
"101134","0.12689209","1.371872","9.897629"
"101134","0.21786499","1.335968","10.070007"
"101134","-0.0047912598","1.335968","10.23761"
"101134","-0.10534668","1.3503265","10.223236"
"101134","0.28730774","1.4915924","10.213669"
"101134","0.17477417","1.4532776","10.163391"
"101134","0.21786499","1.419754","10.110718"
"101134","0.15322876","1.3551178","10.271118"
"101135","0.15322876","1.371872","10.225632"
"101135","0.14125061","1.4269409","10.002975"
"101135","0.37348938","1.4317322","10.0269165"
"101135","0.3327942","1.4125824","9.92157"
"101135","0.12210083","1.3215942","10.254364"
"101135","0.13647461","1.3311768","10.314224"
"101135","0.1771698","1.4484863","10.041275"
"101135","0.21548462","1.4389191","10.034103"
"101135","0.24182129","1.4580688","10.09874"
"101135","0.23223877","1.3838501","10.192123"
"101135","0.1197052","1.3479309","10.074799"
"101135","0.18914795","1.4484863","10.062836"
"101135","0.18196106","1.4676514","10.024521"
"101135","0.3136444","1.450882","10.055649"
"101135","0.21548462","1.474823","10.206482"
"101135","0.09815979","1.414978","10.17775"
"101135","0.0861969","1.4245453","9.945511"
"101135","0.01914978","1.3431396","10.297455"
"101135","0.01914978","1.359909","10.287888"
"101135","0.20829773","1.4580688","9.919174"
"101135","0.15562439","1.4245453","9.900024"
"101135","0.21548462","1.4006042","10.204086"
"101135","0.18914795","1.4125824","10.225632"
"101135","0.20111084","1.4101868","10.129868"
"101135","0.24420166","1.3455353","10.077194"
"101135","0.17956543","1.4006042","10.350128"
"101135","0.28730774","1.4053955","10.223236"
"101135","0.06225586","1.3623047","9.935944"
"101135","-0.011978149","1.359909","9.928757"
"101135","0.10774231","1.391037","10.122681"
"101135","0.08859253","1.391037","10.163391"
"101135","0.2633667","1.4484863","10.180145"
"101135","0.18675232","1.3838501","10.103531"
"101135","0.14604187","1.367096","10.036499"
"101135","0.13887024","1.371872","10.046066"
"101135","0.16041565","1.359909","10.074799"
"101135","0.29447937","1.3838501","10.259155"
"101135","0.0047912598","1.367096","10.070007"
"101135","0.04309082","1.3694763","10.1586"
"101136","0.08380127","1.3551178","10.13945"
"101136","0.08859253","1.419754","10.144226"
"101136","0.15802002","1.4293365","10.084381"
"101136","0.10295105","1.4173737","10.129868"
"101136","0.11730957","1.3790588","10.189728"
"101136","0.292099","1.4484863","10.043671"
"101136","0.296875","1.3838501","10.031708"
"101136","0.35913086","1.367096","10.39563"
"101136","0.35913086","1.3886414","10.251968"
"101136","0.24899292","1.4317322","9.92157"
"101136","0.04309082","1.3862457","10.208878"
"101136","0.20829773","1.4245453","10.213669"
"101136","0.01914978","1.3335724","10.038895"
"101136","0.10534668","1.3862457","10.189728"
"101136","0.45010376","1.5825653","10.254364"
"101136","0.49320984","1.5993195","10.287888"
"101136","0.41659546","1.5370789","9.835388"
"101136","0.38786316","1.419754","9.945511"
"101136","0.25378418","1.4029999","10.153809"
"101136","0.31604004","1.4604645","10.328583"
"101136","0.15562439","1.4389191","10.117889"
"101136","0.23942566","1.4628601","10.199295"
"101136","0.3423767","1.4532776","9.890442"
"101136","0.25857544","1.450882","10.192123"
"101136","0.29927063","1.4293365","10.199295"
"101136","0.4980011","1.5586243","10.168167"
"101136","0.25378418","1.4245453","10.1059265"
"101136","0.3543396","1.4963837","9.979034"
"101136","0.5913696","1.5107422","10.280701"
"101136","0.5482788","1.5251007","10.261551"
"101136","0.3327942","1.450882","9.895233"
"101136","0.5482788","1.5490417","10.340561"
"101136","0.25857544","1.5203247","9.852142"
"101136","0.3327942","1.5418701","10.129868"
"101136","0.0909729","1.4173737","9.957489"
"101136","0.2059021","1.4317322","10.091553"
"101136","0.44770813","1.5011597","10.216064"
"101137","0.20829773","1.4389191","10.115509"
"101137","0.28730774","1.4029999","10.120285"
"101137","0.375885","1.474823","10.25676"
"101137","0.25857544","1.4796143","10.012558"
"101137","0.16758728","1.4413147","10.062836"
"101137","0.22265625","1.4460907","10.211273"
"101137","0.3902588","1.4556732","10.086777"
"101137","0.32800293","1.4724274","10.043671"
"101137","0.16281128","1.4317322","9.938324"
"101137","0.29447937","1.4772186","10.213669"
"101137","0.22984314","1.4173737","10.09874"
"101137","0.28012085","1.4006042","10.1586"
"101137","0.40222168","1.5251007","10.014938"
"101137","0.37109375","1.5011597","9.974243"
"101137","0.28730774","1.4796143","10.101135"
"101137","0.34477234","1.4676514","10.132263"
"101137","0.30885315","1.4460907","10.187332"
"101137","0.26576233","1.4173737","10.010162"
"101137","0.2753296","1.4580688","10.201691"
"101137","0.2753296","1.4724274","10.1586"
"101137","0.28970337","1.4532776","10.108322"
"101137","0.30166626","1.4173737","10.103531"
"101137","0.27293396","1.3934326","10.146622"
"101137","0.29927063","1.4868011","10.168167"
"101137","0.2346344","1.4365234","10.091553"
"101137","0.26815796","1.4269409","10.122681"
"101137","0.2346344","1.4173737","9.969452"
"101137","0.27293396","1.395813","10.273514"
"101137","0.19392395","1.4029999","10.120285"
"101137","0.22026062","1.414978","10.07959"
"101137","0.2849121","1.3982086","10.043671"
"101137","0.28012085","1.395813","10.046066"
"101137","0.24420166","1.391037","10.132263"
"101137","0.3423767","1.4269409","10.163391"
"101137","0.23223877","1.4245453","10.017334"
"101137","0.26815796","1.3982086","10.101135"
"101137","0.24420166","1.3766632","10.1059265"
"101137","0.28970337","1.4029999","10.103531"
"101138","0.13168335","1.3503265","10.163391"
"101138","0.28012085","1.3647003","10.1609955"
"101138","0.28970337","1.3838501","10.07959"
"101138","0.2849121","1.3766632","10.232819"
"101138","0.17237854","1.391037","10.031708"
"101138","0.27293396","1.4006042","10.122681"
"101138","0.29927063","1.3790588","10.163391"
"101138","0.29447937","1.414978","10.199295"
"101138","0.18196106","1.3551178","10.206482"
"101138","0.32800293","1.4173737","10.031708"
"101138","0.22744751","1.4413147","10.125076"
"101138","0.22505188","1.3742676","10.199295"
"101138","0.19631958","1.3479309","10.110718"
"101138","0.25378418","1.4101868","10.046066"
"101138","0.3615265","1.3647003","10.072403"
"101138","0.2561798","1.3838501","10.228027"
"101138","0.29447937","1.3838501","10.089172"
"101138","0.24420166","1.3790588","10.146622"
"101138","0.2849121","1.3742676","10.204086"
"101138","0.27772522","1.3814545","10.141846"
"101138","0.27053833","1.3790588","10.108322"
"101138","0.16998291","1.3790588","10.065231"
"101138","0.21069336","1.3623047","10.170563"
"101138","0.19154358","1.3455353","10.192123"
"101138","0.24420166","1.335968","10.072403"
"101138","0.3471527","1.3623047","10.1586"
"101138","0.32081604","1.3982086","10.213669"
"101138","0.28012085","1.3575134","10.089172"
"101138","0.23942566","1.3838501","10.002975"
"101138","0.24182129","1.3766632","10.06044"
"101138","0.22265625","1.3335724","10.223236"
"101138","0.2633667","1.3575134","10.103531"
"101138","0.24899292","1.3838501","10.096344"
"101138","0.27053833","1.3431396","10.120285"
"101138","0.2753296","1.3431396","10.151413"
"101138","0.2561798","1.367096","10.110718"
"101138","0.27772522","1.3479309","10.129868"
"101138","0.27293396","1.3766632","10.134659"
"101138","0.24182129","1.3479309","10.122681"
"101138","0.22984314","1.3527222","10.168167"
"101138","0.27293396","1.3623047","10.153809"
"101139","0.27293396","1.3407593","10.089172"
"101139","0.28251648","1.3647003","10.132263"
"101139","0.27053833","1.367096","10.134659"
"101139","0.27053833","1.3814545","10.132263"
"101139","0.2346344","1.359909","10.084381"
"101139","0.24420166","1.367096","10.058044"
"101139","0.24182129","1.3479309","10.213669"
"101139","0.24659729","1.3623047","10.117889"
"101139","0.28730774","1.359909","10.144226"
"101139","0.25857544","1.359909","10.129868"
"101139","0.28012085","1.367096","10.165787"
"101139","0.292099","1.4077911","10.129868"
"101139","0.13887024","1.3766632","10.029312"
"101139","0.22744751","1.3503265","10.2400055"
"101139","0.30645752","1.3623047","10.115509"
"101139","0.2753296","1.3239899","9.993393"
"101139","0.32081604","1.3455353","10.043671"
"101139","0.54348755","1.3766632","9.926361"
"101139","-0.09336853","1.359909","9.907211"
"101139","-0.21786499","1.1324615","10.417175"
"101139","-0.17956543","1.4676514","10.295074"
"101139","0.12210083","1.3455353","10.661377"
"101139","0.18196106","1.1923065","11.135437"
"101139","1.2066803","1.0869751","9.471466"
"101139","0.4118042","1.5155334","8.860947"
"101139","0.5506592","1.4221497","9.402023"
"101139","0.5482788","1.2449799","10.591949"
"101139","0.16041565","1.0414734","11.159378"
"101139","-0.7110748","1.0582428","10.151413"
"101139","-0.70150757","1.1085205","10.074799"
"101139","-0.41419983","1.0797882","10.429138"
"101139","-0.296875","1.074997","10.433929"
"101139","-0.01914978","1.1372528","10.29985"
"101139","0.36631775","1.3000488","10.196899"
"101139","0.71347046","1.5394745","10.168167"
"101139","0.375885","1.2306213","10.400406"
"101139","-0.05506897","1.2306213","10.3237915"
"101140","-0.0095825195","1.1444244","10.33577"
"101140","-0.16758728","1.1899109","10.797852"
"101140","-0.03112793","1.3551178","10.280701"
"101140","-0.06463623","1.577774","9.844955"
"101140","-0.25857544","1.6807251","9.658203"
"101140","0.02154541","1.4413147","9.392456"
"101140","0.05986023","1.4963837","9.552872"
"101140","-0.25138855","1.6256561","10.682922"
"101140","-0.22744751","1.6065063","10.309433"
"101140","-0.1771698","1.6017151","10.00058"
"101140","-0.68473816","1.5322876","10.046066"
"101140","-0.7517853","1.632843","10.273514"
"101140","0.01675415","1.5227051","10.805038"
"101140","0.375885","1.4437103","10.07959"
"101140","0.26576233","1.4221497","10.0269165"
"101140","-0.36392212","1.4413147","9.957489"
"101140","-0.60572815","1.391037","10.007767"
"101140","-0.02154541","1.4173737","10.666168"
"101140","0.5482788","1.4437103","9.80426"
"101140","0.4524994","1.4293365","9.435547"
"101140","-0.24420166","1.4029999","9.342178"
"101140","-0.4118042","1.3790588","9.490616"
"101140","-0.16520691","1.335968","9.569626"
"101140","-0.26097107","1.8794556","9.607925"
"101140","0.49320984","1.4604645","9.797073"
"101140","0.36631775","2.0446472","9.777924"
"101140","0.3327942","2.0231018","9.837769"
"101140","0.29927063","1.3455353","10.180145"
"101140","-0.16281128","1.7214355","9.768341"
"101140","-0.9217682","1.9752197","9.629486"
"101140","-1.0582428","1.9512787","9.844955"
"101140","-1.5131378","1.493988","11.288666"
"101140","-1.2378082","1.395813","11.137833"
"101140","-1.0223236","1.2473755","10.338165"
"101140","-1.0534515","1.3239899","10.302246"
"101140","-1.1994934","1.5179291","10.285492"
"101140","-1.3048401","1.3623047","10.242401"
"101140","-1.5993195","0.40222168","9.871292"
"101140","-1.122879","0.8930359","9.768341"
"101141","-1.2162476","0.9864044","9.864105"
"101141","-1.3407593","0.5386963","9.5169525"
"101141","-1.6472168","0.02154541","9.483429"
"101141","-1.1468201","0.16998291","10.280701"
"101141","-0.9505005","0.16520691","10.520126"
"101141","0.011978149","0.1484375","11.259933"
"101141","0.45010376","0.08380127","11.36528"
"101141","1.4915924","-0.27053833","10.965439"
"101141","1.5514374","-0.06703186","11.061218"
"101141","1.4556732","0.03831482","10.879257"
"101141","1.6065063","0.36392212","9.275131"
"101141","1.5849609","0.46447754","8.918396"
"101141","1.2090759","0.99838257","8.829819"
"101141","0.89782715","1.3694763","8.83461"
"101141","0.40222168","1.2832947","8.494629"
"101141","0.05986023","1.367096","8.688553"
"101141","0.4333496","0.5793915","9.935944"
"101141","1.2186432","0.6201019","10.366898"
"101141","1.2114716","0.7302246","10.371689"
"101141","0.9576874","1.0151367","10.443512"
"101141","0.8092346","1.1659698","10.129868"
"101141","0.8954315","1.6400299","8.844177"
"101141","0.2059021","2.3343506","8.461105"
"101141","-0.87628174","1.9416962","9.39006"
"101141","-0.96006775","1.9129639","9.612717"
"101141","-0.7589569","1.8076172","10.606308"
"101141","0.22026062","0.94091797","11.453857"
"101141","0.12928772","0.61531067","11.803421"
"101141","-0.08380127","0.42616272","11.686096"
"101141","-0.3543396","1.0510559","11.063599"
"101141","-0.12689209","1.280899","9.931152"
"101141","-0.09336853","1.1994934","9.686935"
"101141","-0.32081604","1.0797882","9.320633"
"101141","-0.5123596","1.043869","9.5169525"
"101141","-1.0031738","0.8164215","11.097122"
"101141","-0.9935913","0.72065735","11.271896"
"101141","-0.26576233","0.4333496","11.563995"
"101141","-0.2633667","1.6974945","10.347733"
"101141","-0.44293213","1.8028412","10.084381"
"101141","-0.5746155","1.3311768","9.653427"
"101141","-0.9576874","1.359909","9.406815"
"101141","-2.1380157","1.2306213","10.903198"
"101141","-1.7932587","0.7733307","11.429916"
"101141","-1.2162476","0.14125061","11.631027"
"101141","-0.964859","0.2059021","11.4179535"
"101141","1.0462646","0.26815796","9.885666"
"101142","-0.89782715","1.901001","8.343796"
"101142","-1.9201508","1.5562286","9.76355"
"101142","-1.8004456","1.4173737","9.967056"
"101142","-0.7374115","0.9720459","10.819397"
"101142","-0.39505005","0.9145813","10.903198"
"101142","1.419754","1.4676514","10.1609955"
"101142","-0.10295105","1.8626862","10.225632"
"101142","-2.4995422","2.1092987","10.986984"
"101142","-2.7844543","2.1452026","10.946289"
"101142","-1.5466614","1.233017","9.770737"
"101142","0.19631958","1.4772186","8.566452"
"101142","-0.09815979","1.9440918","8.470688"
"101142","-3.157959","3.1914673","9.777924"
"101142","-0.74938965","1.414978","10.354919"
"101142","0.4524994","1.2138672","10.627869"
"101142","0.44532776","1.2641449","10.642227"
"101142","-1.2665253","2.427719","10.560822"
"101142","-1.8770599","2.149994","9.713272"
"101142","-1.474823","1.6519928","9.770737"
"101142","-1.2976532","1.4437103","10.204086"
"101142","-1.1851349","1.4844055","10.3980255"
"101142","-1.335968","1.7788849","9.694122"
"101142","-1.4652557","1.8938141","9.600754"
"101142","-1.2066803","1.5227051","9.435547"
"101142","-1.0271149","1.7693176","9.847351"
"101142","-1.1180878","1.7190399","10.584763"
"101142","-1.0941467","1.7142487","10.757141"
"101142","-0.9433136","1.6807251","11.154587"
"101142","-0.90501404","1.6950989","11.1474"
"101142","-1.0175323","1.6974945","9.344574"
"101142","-1.0366821","1.711853","8.93277"
"101142","-1.0366821","1.7046661","8.219299"
"101142","-1.2617493","1.529892","9.974243"
"101142","-1.4724274","1.498764","9.8688965"
"101142","-1.6615753","1.4796143","9.639053"
"101142","-0.28730774","0.93852234","9.603149"
"101142","0.84036255","0.2849121","10.3237915"
"101142","1.8076172","-0.4692688","11.5807495"
"101142","2.0111237","-0.66319275","11.724411"
"101142","2.0183105","-0.65122986","11.827362"
"101142","1.9752197","-0.4620819","11.923126"
"101142","1.9752197","-0.4189911","11.81778"
"101142","1.5490417","-0.12689209","11.2048645"
"101142","1.2138672","-0.0143585205","10.893616"
"101142","0.70150757","0.03112793","10.369293"
"101143","0.5985565","0.07182312","10.228027"
"101143","0.3615265","0.23223877","10.3190155"
"101143","0.04548645","0.45489502","10.113113"
"101143","0.02394104","0.48602295","10.050858"
"101143","0.29927063","0.19392395","9.852142"
"101143","0.8164215","0.05267334","10.575195"
"101143","0.77812195","0.12928772","10.563217"
"101143","0.26097107","0.57699585","10.594345"
"101143","0.07661438","0.6488342","10.532089"
"101143","-0.16281128","0.6296692","10.134659"
"101143","-0.16758728","0.60095215","9.950302"
"101143","-0.37109375","0.8643036","9.366119"
"101143","-0.32321167","0.9720459","9.39006"
"101143","0.0023956299","1.0055695","9.528915"
"101143","0.05506897","0.96965027","9.485825"
"101143","-0.51475525","0.98880005","9.689331"
"101143","-0.33998108","0.86909485","9.619904"
"101143","0.18435669","0.56503296","9.454697"
"101143","0.16998291","0.4908142","9.370911"
"101143","0.6464386","0.0047912598","9.986221"
"101143","0.34477234","-0.25138855","10.321411"
"101143","0.28970337","-0.31843567","10.469849"
"101143","0.6775665","-0.70150757","11.480194"
"101143","1.4293365","-0.8547363","11.451462"
"101143","1.3551178","-0.9528961","11.664551"
"101143","0.2059021","-1.1683655","11.554413"
"101143","0.01914978","-1.0103607","11.530472"
"101143","-0.5123596","-0.5386963","10.87207"
"101143","-0.6105194","-0.4620819","10.647018"
"101143","0.28730774","0.33039856","6.81868"
"101143","1.4125824","0.6392517","9.287109"
"101143","-0.04548645","0.588974","9.837769"
"101143","-0.011978149","0.5171509","11.240784"
"101143","0.11730957","0.5626373","11.643005"
"101143","0.17237854","0.5482788","11.736374"
"101143","0.16758728","0.7733307","10.939102"
"101143","0.28251648","0.36631775","10.199295"
"101143","-0.24182129","0.18196106","9.847351"
"101143","-0.23942566","0.21548462","9.722855"
"101143","-0.24659729","0.27293396","9.512161"
"101143","-0.12449646","0.292099","9.593567"
"101143","-0.02154541","0.6320648","9.689331"
"101143","-0.05027771","0.7158661","9.837769"
"101143","-0.7948761","0.57221985","9.473862"
"101143","-0.94091797","0.24899292","9.497803"
"101143","0.16998291","-0.27293396","10.108322"
"101143","0.3543396","-0.26576233","10.180145"
"101143","0.32800293","-0.20829773","10.611099"
"101144","0.35673523","-0.16998291","10.757141"
"101144","-1.019928","0.27293396","10.735596"
"101144","-0.39982605","-0.28730774","10.426743"
"101144","-0.55784607","-0.04788208","10.371689"
"101144","-0.8571167","-0.43814087","11.880035"
"101144","-0.27772522","-0.37828064","11.377243"
"101144","-0.07182312","0.011978149","10.338165"
"101144","-0.16998291","0.61291504","9.574417"
"101144","-0.06703186","0.60095215","10.120285"
"101144","-0.05986023","0.69192505","10.034103"
"101144","0.52194214","0.3471527","9.7300415"
"101144","1.0295105","-0.22744751","10.201691"
"101144","0.4046173","0.66319275","9.995789"
"101144","0.19154358","0.7445984","9.248795"
"101144","-0.05986023","0.8307953","9.2200775"
"101144","-0.30885315","0.69911194","9.866501"
"101144","-0.22505188","0.6799469","9.983826"
"101144","0.27293396","0.8643036","9.94072"
"101144","-0.51475525","0.7733307","10.036499"
"101144","-0.5913696","0.54348755","11.025299"
"101144","-0.46447754","0.60572815","10.867279"
"101144","-0.33039856","0.6943207","10.675751"
"101144","-0.18914795","0.7374115","10.333374"
"101144","-0.21308899","0.7757263","9.500198"
"101144","-0.23703003","0.6584015","9.751587"
"101144","-0.08859253","0.8236084","10.326187"
"101144","-0.04788208","0.9313507","10.433929"
"101144","-0.01914978","0.881073","10.249573"
"101144","-0.5410919","0.7948761","10.345352"
"101144","-0.60095215","0.82839966","10.354919"
"101144","-0.26097107","0.9361267","10.192123"
"101144","-0.65122986","1.1970978","9.969452"
"101144","-0.27053833","1.1947021","10.352524"
"101144","-0.4118042","1.3383636","10.129868"
"101144","-0.23703003","1.1204834","9.998184"
"101144","-0.02154541","1.0941467","10.175354"
"101144","0.0574646","1.1611938","10.3237915"
"101144","0.07421875","1.2090759","10.460266"
"101145","0.11730957","1.2665253","9.746796"
"101145","-0.1484375","1.1204834","10.235214"
"101145","-0.15322876","1.2258301","10.089172"
"101145","-0.1484375","1.2593536","10.17775"
"101145","-0.15083313","1.2761078","10.591949"
"101145","-0.21786499","1.256958","10.658981"
"101145","0.12928772","1.2186432","9.629486"
"101145","0.22984314","1.3790588","9.82341"
"101145","0.1149292","1.367096","9.990997"
"101145","0.30885315","1.2904816","10.290283"
"101145","0.20111084","1.280899","10.072403"
"101145","0.18914795","1.3096313","10.048462"
"101145","0.17956543","1.3168182","9.979034"
"101145","0.16041565","1.3623047","9.990997"
"101145","0.11730957","1.3503265","9.993393"
"101145","0.10055542","1.2306213","10.058044"
"101145","0.13887024","1.2785034","10.1059265"
"101145","0.05506897","1.2928619","10.163391"
"101145","-0.1771698","1.2162476","10.25676"
"101145","-0.2346344","1.1923065","10.465057"
"101145","0.0287323","1.1683655","10.362106"
"101145","0.04069519","1.1492157","10.29985"
"101145","0.0","1.2210388","10.261551"
"101145","-0.08859253","1.1947021","10.103531"
"101145","-0.06225586","1.1635895","10.09874"
"101145","0.09336853","1.1994934","9.914383"
"101145","0.12449646","1.2210388","9.856934"
"101145","0.15802002","1.2641449","9.928757"
"101145","0.08140564","1.2258301","10.07959"
"101145","0.05506897","1.1420288","10.1609955"
"101145","0.0143585205","1.1707611","10.180145"
"101145","0.03352356","1.1348572","10.213669"
"101145","-0.06703186","1.2354126","10.508148"
"101145","0.011978149","1.1468201","10.47464"
"101145","0.0287323","1.1276703","10.47464"
"101145","0.15562439","1.1420288","10.251968"
"101145","0.23942566","1.2282257","10.024521"
"101145","0.09576416","1.2904816","10.041275"
"101145","0.14125061","1.1994934","10.062836"
"101145","0.13407898","1.201889","10.048462"
"101145","0.07901001","1.1587982","10.07959"
"101145","0.04069519","1.201889","10.029312"
"101145","0.0023956299","1.1731567","10.263947"
"101145","-0.07901001","1.1803436","10.208878"
"101145","0.06703186","1.2210388","10.156204"
"101145","0.07661438","1.2210388","10.086777"
"101145","0.04788208","1.1947021","10.1609955"
"101145","0.12449646","1.1587982","10.17775"
"101145","0.07182312","1.2282257","10.089172"
"101146","0.2059021","1.2114716","10.175354"
"101146","0.05986023","1.2425842","10.223236"
"101146","-0.04309082","1.1755524","10.170563"
"101146","-0.09815979","1.1492157","10.22084"
"101146","-0.03352356","1.1564026","10.067612"
"101146","-0.0047912598","1.1923065","10.067612"
"101146","0.03352356","1.1923065","10.196899"
"101146","-0.0071868896","1.2282257","10.280701"
"101146","0.22984314","1.2138672","10.263947"
"101146","0.30885315","1.233017","10.187332"
"101146","0.33039856","1.2545624","10.194504"
"101146","0.19871521","1.2832947","10.091553"
"101146","0.13407898","1.2928619","10.081985"
"101146","0.16281128","1.2425842","9.998184"
"101146","0.1484375","1.2473755","10.165787"
"101146","0.08140564","1.2162476","10.201691"
"101146","0.05506897","1.2378082","10.120285"
"101146","0.01675415","1.2354126","10.165787"
"101146","0.0047912598","1.2066803","10.134659"
"101146","0.011978149","1.1851349","10.036499"
"101146","0.07661438","1.2042847","10.137054"
"101146","0.10295105","1.2378082","10.211273"
"101146","0.12210083","1.2282257","10.151413"
"101146","0.12928772","1.2402039","10.093948"
"101146","0.26815796","1.2473755","10.084381"
"101146","0.29927063","1.2545624","10.074799"
"101146","0.2633667","1.2593536","10.170563"
"101146","0.2059021","1.2449799","10.101135"
"101146","0.1484375","1.1923065","10.067612"
"101146","0.17956543","1.1923065","10.208878"
"101146","0.03591919","1.0797882","10.1609955"
"101146","0.04548645","1.0175323","10.153809"
"101146","0.0071868896","1.0941467","10.366898"
"101146","0.05506897","1.1037292","10.383652"
"101146","0.0023956299","1.1132965","10.376465"
"101146","0.03831482","1.2138672","10.199295"
"101146","0.13407898","1.1827393","9.959885"
"101146","0.10774231","1.1564026","10.014938"
"101146","0.24899292","1.1923065","10.153809"
"101146","0.2753296","1.1803436","10.165787"
"101146","0.16998291","1.1803436","10.211273"
"101146","0.18196106","1.177948","10.22084"
"101146","0.1484375","1.1827393","10.117889"
"101146","0.11253357","1.1803436","10.09874"
"101146","0.0071868896","1.0965424","10.1059265"
"101147","0.02633667","1.0534515","10.175354"
"101147","0.02394104","1.0821838","10.259155"
"101147","0.06225586","1.2952576","10.290283"
"101147","0.19871521","1.0941467","10.065231"
"101147","0.15562439","1.1899109","10.053253"
"101147","0.21548462","1.1132965","10.086777"
"101147","0.27053833","1.1468201","10.149017"
"101147","0.12449646","1.1755524","10.230423"
"101147","0.0861969","1.2162476","10.232819"
"101147","0.10295105","1.0295105","10.192123"
"101147","0.19392395","1.0486603","10.072403"
"101147","0.07182312","1.1013336","10.058044"
"101147","0.03831482","1.1587982","10.036499"
"101147","0.03831482","1.0869751","10.232819"
"101147","-0.0861969","0.9935913","10.263947"
"101147","0.05506897","1.1444244","10.2447815"
"101147","0.2059021","1.1731567","10.101135"
"101147","0.51475525","0.9624634","10.115509"
"101147","0.32321167","0.9792328","10.242401"
"101147","0.44293213","0.8092346","10.23761"
"101147","0.296875","0.95529175","10.251968"
"101147","0.16758728","1.0031738","10.170563"
"101147","0.10774231","0.9935913","10.211273"
"101147","-0.10055542","1.0055695","10.192123"
"101147","-0.01914978","0.9816284","10.232819"
"101147","0.07182312","0.9576874","10.129868"
"101147","0.22026062","0.98402405","10.168167"
"101147","0.2633667","1.0079651","10.089172"
"101147","0.24659729","1.0055695","10.117889"
"101147","0.26576233","1.0055695","10.194504"
"101147","0.3615265","1.0175323","10.249573"
"101147","0.11730957","1.0271149","10.182541"
"101147","0.12449646","0.98402405","10.1586"
"101147","0.15322876","1.0079651","10.134659"
"101147","0.19392395","1.0055695","10.144226"
"101147","0.20829773","1.0103607","10.184937"
"101147","0.18435669","0.99838257","10.278305"
"101147","0.09336853","0.9720459","10.249573"
"101147","0.08140564","1.0702057","10.184937"
"101148","0.16281128","0.9744415","10.242401"
"101148","0.12210083","0.97683716","10.278305"
"101148","0.20829773","1.019928","10.187332"
"101148","0.2633667","1.0127411","10.055649"
"101148","0.12928772","1.0271149","10.22084"
"101148","0.15802002","1.0223236","10.196899"
"101148","0.21548462","1.0343018","10.22084"
"101148","0.30166626","1.0390778","10.189728"
"101148","0.21548462","1.0127411","10.163391"
"101148","0.16041565","1.074997","10.1059265"
"101148","0.2633667","1.154007","10.122681"
"101148","0.33998108","1.0630188","10.168167"
"101148","0.22744751","1.0845795","10.187332"
"101148","0.16758728","1.0510559","10.242401"
"101148","0.1197052","1.0007782","10.314224"
"101148","0.1484375","1.0055695","10.273514"
"101148","0.09576416","1.1061249","10.247177"
"101148","0.24899292","1.0630188","10.074799"
"101148","0.27772522","1.0821838","10.113113"
"101148","0.19154358","1.0414734","10.153809"
"101148","0.2346344","1.0175323","10.1609955"
"101148","0.24659729","1.0271149","10.196899"
"101148","0.31604004","1.0654144","10.2447815"
"101148","0.23223877","1.0486603","10.199295"
"101148","0.26576233","1.0630188","10.204086"
"101148","0.23703003","1.0558472","10.201691"
"101148","0.22026062","1.0558472","10.228027"
"101148","0.19392395","1.0845795","10.23761"
"101148","0.19871521","1.0606384","10.13945"
"101148","0.12210083","0.9935913","10.151413"
"101148","0.19631958","1.0127411","10.216064"
"101148","0.23703003","1.0510559","10.201691"
"101148","0.296875","1.1013336","10.216064"
"101148","0.2849121","1.1013336","10.208878"
"101148","0.28970337","1.074997","10.149017"
"101148","0.2753296","1.0845795","10.168167"
"101148","0.29447937","0.99838257","10.084381"
"101148","0.22984314","0.99598694","10.065231"
"101148","0.16281128","1.0223236","10.07959"
"101148","0.13168335","1.0247192","10.141846"
"101148","0.1484375","0.9935913","10.149017"
"101148","0.08859253","1.0821838","10.141846"
"101148","0.19631958","1.0414734","10.1586"
"101148","0.19871521","1.0366821","10.113113"
"101149","0.24420166","1.0606384","10.108322"
"101149","0.24659729","1.043869","10.1059265"
"101149","0.23703003","1.0390778","10.175354"
"101149","0.2346344","0.96965027","10.285492"
"101149","0.17956543","0.99838257","10.287888"
"101149","0.04309082","1.0917511","10.326187"
"101149","0.1484375","0.9911957","10.333374"
"101149","0.07901001","1.0630188","10.189728"
"101149","-0.01914978","1.0127411","10.0269165"
"101149","0.08859253","1.0055695","10.113113"
"101149","0.1149292","0.9816284","10.184937"
"101149","0.20829773","1.0175323","10.249573"
"101149","0.23223877","1.0486603","10.268738"
"101149","0.15083313","1.0175323","10.125076"
"101149","0.18435669","1.0390778","10.07959"
"101149","0.13407898","1.0773926","10.077194"
"101149","0.06942749","1.0319061","10.089172"
"101149","0.0909729","1.0558472","10.091553"
"101149","0.04788208","1.0558472","10.292679"
"101149","0.11730957","1.0031738","10.230423"
"101149","0.10534668","1.0414734","10.144226"
"101149","0.13887024","1.0582428","10.096344"
"101149","0.16998291","1.0582428","10.149017"
"101149","0.20111084","1.0462646","10.230423"
"101149","0.25138855","1.1061249","10.22084"
"101149","0.17956543","1.0773926","10.062836"
"101149","0.14125061","1.0390778","10.125076"
"101149","0.03831482","1.019928","10.263947"
"101149","0.07661438","1.0414734","10.271118"
"101149","0.04069519","1.019928","10.187332"
"101149","0.10055542","1.0845795","10.134659"
"101149","0.14364624","1.0654144","10.13945"
"101149","0.16281128","1.0702057","10.125076"
"101149","0.13887024","1.0343018","10.23761"
"101149","0.10295105","1.0654144","10.17775"
"101149","0.11730957","1.0654144","10.144226"
"101149","0.09336853","1.06781","10.125076"
"101150","0.0071868896","1.098938","10.072403"
"101150","0.03831482","1.0486603","10.201691"
"101150","0.06463623","1.0247192","10.09874"
"101150","0.08380127","1.0103607","10.23761"
"101150","0.09336853","1.1156921","10.340561"
"101150","0.0861969","1.1132965","10.002975"
"101150","0.07661438","1.0654144","9.912003"
"101150","0.10055542","1.0510559","9.943115"
"101150","0.06463623","1.0702057","10.117889"
"101150","0.0143585205","1.1061249","10.005371"
"101150","-0.0071868896","1.0319061","10.170563"
"101150","-0.13647461","1.1300659","10.438721"
"101150","0.04548645","1.0486603","10.627869"
"101150","0.02394104","1.1324615","10.737991"
"101150","0.011978149","1.0486603","10.668564"
"101150","0.0","1.1372528","9.933548"
"101150","0.0909729","1.0869751","9.612717"
"101150","0.07182312","1.1372528","9.54808"
"101150","0.3471527","1.2425842","10.00058"
"101150","0.32081604","1.2186432","10.304642"
"101150","0.3040619","1.2473755","10.376465"
"101150","0.10774231","1.1755524","10.302246"
"101150","0.11730957","1.1444244","10.307037"
"101150","0.0071868896","1.154007","10.134659"
"101150","0.011978149","1.1492157","10.086777"
"101150","-0.09815979","1.1396332","10.031708"
"101150","-0.09815979","1.1252747","10.010162"
"101150","-0.08859253","1.1348572","10.038895"
"101150","-0.08380127","1.1013336","10.01973"
"101150","-0.06703186","1.1372528","10.187332"
"101150","-0.07182312","1.1180878","10.441116"
"101150","-0.0574646","1.1037292","10.484207"
"101150","0.03112793","1.1516113","10.2447815"
"101150","0.03831482","1.1372528","10.230423"
"101150","0.03112793","1.177948","9.964661"
"101150","0.0095825195","1.1372528","9.950302"
"101150","-0.0023956299","1.1420288","10.0269165"
"101150","0.12689209","1.1851349","10.223236"
"101150","0.14604187","1.2066803","10.101135"
"101150","-0.011978149","1.1444244","9.955093"
"101150","-0.01914978","1.1516113","9.933548"
"101150","-0.07901001","1.0534515","10.31662"
"101150","-0.0861969","1.098938","10.467453"
"101150","-0.03591919","1.0917511","10.141846"
"101150","-0.06942749","1.1109161","10.077194"
"101150","0.0909729","1.1468201","9.950302"
"101150","0.01675415","1.1683655","10.096344"
"101151","0.0095825195","1.1635895","10.1586"
"101151","-0.05027771","1.1085205","10.2400055"
"101151","0.0","1.1300659","10.2400055"
"101151","0.05506897","1.1372528","10.206482"
"101151","-0.06703186","1.1707611","10.201691"
"101151","-0.05267334","1.1683655","10.1586"
"101151","-0.05506897","1.1827393","10.07959"
"101151","-0.06463623","1.1683655","10.1586"
"101151","-0.07182312","1.1037292","10.110718"
"101151","0.01914978","1.1683655","10.120285"
"101151","-0.01914978","1.1564026","10.153809"
"101151","0.03112793","1.1851349","10.29985"
"101151","-0.02394104","1.1492157","10.22084"
"101151","-0.03591919","1.1827393","9.993393"
"101151","0.02394104","1.1731567","10.048462"
"101151","-0.11730957","1.1564026","10.206482"
"101151","-0.04788208","1.1635895","10.187332"
"101151","-0.04069519","1.1156921","10.287888"
"101151","0.02394104","1.177948","10.151413"
"101151","0.09815979","1.2234344","9.959885"
"101151","0.06463623","1.2042847","9.92157"
"101151","0.02394104","1.1947021","10.024521"
"101151","-0.06225586","1.1396332","10.287888"
"101151","-0.09815979","1.1109161","10.357315"
"101151","-0.0071868896","1.1827393","10.271118"
"101151","0.01675415","1.2042847","10.168167"
"101151","0.011978149","1.2090759","9.959885"
"101151","-0.0023956299","1.1970978","10.065231"
"101151","-0.04309082","1.1994934","10.261551"
"101151","-0.11013794","1.1875305","10.151413"
"101151","-0.02394104","1.1300659","10.1609955"
"101151","0.02154541","1.1683655","10.168167"
"101151","0.03112793","1.2042847","10.101135"
"101151","0.04069519","1.1899109","10.058044"
"101151","0.05267334","1.1492157","10.208878"
"101152","0.04069519","1.1803436","10.180145"
"101152","0.03831482","1.1851349","10.151413"
"101152","-0.03831482","1.1851349","10.175354"
"101152","-0.10295105","1.1635895","10.125076"
"101152","-0.09576416","1.1635895","10.134659"
"101152","-0.03591919","1.1348572","10.2447815"
"101152","-0.0095825195","1.1683655","10.216064"
"101152","-0.09815979","1.177948","10.017334"
"101152","0.02394104","1.1923065","10.278305"
"101152","0.04788208","1.1755524","10.304642"
"101152","0.1149292","1.2066803","10.232819"
"101152","0.09576416","1.1564026","10.101135"
"101152","0.11013794","1.1731567","10.036499"
"101152","0.0287323","1.1707611","10.172958"
"101152","0.21786499","1.1587982","10.285492"
"101152","0.04309082","1.1635895","9.988617"
"101152","-0.22744751","1.1420288","10.132263"
"101152","-0.23703003","1.043869","10.261551"
"101152","-0.2059021","1.0486603","10.22084"
"101152","-0.20829773","1.0175323","10.230423"
"101152","-0.28012085","1.1492157","10.144226"
"101152","-0.22744751","1.1348572","10.199295"
"101152","0.01675415","1.1755524","10.06044"
"101152","0.09576416","1.1492157","10.031708"
"101152","0.03831482","1.233017","10.012558"
"101152","0.0909729","1.1803436","10.113113"
"101152","0.02394104","1.3742676","10.429138"
"101152","0.07901001","1.2090759","10.527298"
"101152","-0.06703186","1.0606384","10.201691"
"101152","-0.19392395","1.0702057","9.856934"
"101152","0.03112793","1.1013336","9.919174"
"101152","-0.16041565","1.1635895","10.046066"
"101152","-0.07661438","1.154007","10.01973"
"101152","-0.12928772","1.1348572","10.00058"
"101152","0.05267334","0.9911957","10.330978"
"101152","0.07661438","1.0031738","10.49379"
"101153","0.2059021","1.0103607","10.223236"
"101153","-0.03831482","1.1013336","10.23761"
"101153","0.0095825195","1.1420288","10.012558"
"101153","0.21786499","0.92655945","10.022125"
"101153","-0.0047912598","1.1348572","10.046066"
"101153","0.14364624","1.0079651","10.364502"
"101153","0.292099","0.82121277","10.405197"
"101153","0.3040619","0.8666992","10.055649"
"101153","0.12928772","0.9337311","10.093948"
"101153","0.15083313","0.9457092","10.110718"
"101153","0.06942749","0.96965027","10.038895"
"101153","0.14364624","0.9505005","10.058044"
"101153","0.0909729","0.92655945","10.302246"
"101153","0.19631958","0.9792328","10.469849"
"101153","0.5171509","0.83317566","10.273514"
"101153","0.43095398","0.9624634","10.187332"
"101153","0.23703003","1.0343018","10.048462"
"101153","0.25378418","1.0223236","10.067612"
"101153","0.29447937","0.9576874","10.093948"
"101153","0.34477234","0.9911957","10.1609955"
"101153","0.39743042","0.9935913","10.127472"
"101153","0.27293396","1.0486603","10.101135"
"101153","0.24659729","0.9935913","10.287888"
"101153","0.24420166","0.9313507","10.2447815"
"101153","0.22505188","0.94091797","10.261551"
"101153","0.14125061","0.95529175","10.132263"
"101153","0.10534668","0.9313507","10.168167"
"101153","0.296875","0.96965027","10.175354"
"101153","0.22984314","1.0558472","10.122681"
"101153","0.23942566","1.0390778","10.089172"
"101153","0.1771698","1.0654144","10.1586"
"101153","0.24182129","1.0534515","10.163391"
"101153","0.22265625","1.0319061","10.002975"
"101153","0.28730774","1.0558472","10.077194"
"101153","0.26097107","1.0343018","10.103531"
"101153","0.25138855","1.0103607","10.125076"
"101153","0.11253357","0.9792328","10.278305"
"101153","0.15562439","0.96006775","10.278305"
"101153","0.19871521","0.9576874","10.278305"
"101153","0.28012085","1.0103607","10.115509"
"101153","0.29447937","1.0534515","10.00058"
"101154","0.2753296","1.0510559","10.036499"
"101154","0.13168335","1.0821838","10.005371"
"101154","0.18196106","1.0366821","10.062836"
"101154","0.22265625","1.0055695","10.127472"
"101154","0.26097107","1.0295105","10.192123"
"101154","0.15562439","0.9169769","10.266342"
"101154","0.10534668","0.91218567","10.311829"
"101154","0.15562439","0.90979004","10.364502"
"101154","0.15562439","0.90740967","10.328583"
"101154","0.21069336","0.90501404","10.13945"
"101154","0.2346344","0.95529175","10.141846"
"101154","0.21308899","1.019928","10.041275"
"101154","0.16758728","1.0175323","10.307037"
"101154","0.16758728","1.0295105","10.249573"
"101154","0.0861969","0.9935913","10.108322"
"101154","0.23223877","0.9217682","10.441116"
"101154","0.25138855","1.0175323","10.230423"
"101154","0.22026062","1.0534515","10.110718"
"101154","0.22505188","1.0582428","10.134659"
"101154","0.14364624","1.074997","10.297455"
"101154","0.27772522","0.99838257","10.117889"
"101154","0.28251648","0.99838257","10.09874"
"101154","0.22265625","1.0654144","9.952698"
"101154","0.22744751","1.0343018","9.892838"
"101154","0.12210083","0.98402405","10.0269165"
"101154","0.10295105","1.0295105","10.266342"
"101154","0.0909729","0.9816284","10.409988"
"101154","0.18675232","1.074997","10.366898"
"101154","0.12449646","1.0534515","9.888046"
"101154","0.16998291","1.0343018","9.907211"
"101154","0.23703003","1.06781","10.024521"
"101154","0.15802002","1.0223236","10.354919"
"101154","0.10534668","1.0271149","10.3980255"
"101154","0.16998291","1.0271149","9.986221"
"101154","0.09815979","1.0558472","9.945511"
"101154","0.10295105","1.0654144","10.266342"
"101154","0.24182129","1.0390778","10.311829"
"101154","0.16281128","1.0917511","10.050858"
"101154","0.08380127","1.1013336","9.935944"
"101154","0.08380127","1.074997","10.017334"
"101154","0.13168335","1.06781","10.1059265"
"101154","0.0909729","1.0414734","10.187332"
"101154","-0.0023956299","1.0486603","10.3237915"
"101155","0.10295105","1.1180878","10.259155"
"101155","0.13887024","1.1492157","10.086777"
"101155","0.0574646","1.0773926","10.091553"
"101155","0.0861969","1.0702057","10.13945"
"101155","0.0861969","1.0941467","10.144226"
"101155","0.07661438","1.074997","10.182541"
"101155","0.10295105","1.0797882","10.261551"
"101155","0.12449646","1.0606384","10.189728"
"101155","0.1149292","1.1324615","10.058044"
"101155","0.17956543","1.1109161","10.081985"
"101155","0.14604187","1.06781","10.144226"
"101155","0.02633667","1.06781","10.297455"
"101155","0.07901001","1.0893555","10.309433"
"101155","0.05986023","1.0510559","10.25676"
"101155","0.11253357","1.0510559","10.22084"
"101155","0.07182312","1.0893555","10.091553"
"101155","0.09576416","1.0845795","10.058044"
"101155","0.11253357","1.0797882","10.036499"
"101155","0.12449646","1.0965424","10.108322"
"101155","0.08140564","1.1324615","10.189728"
"101155","0.1149292","1.1204834","10.1059265"
"101155","0.02154541","1.1085205","10.1059265"
"101155","0.02633667","1.0845795","10.206482"
"101155","0.06463623","1.0773926","10.295074"
"101155","0.0861969","1.0941467","10.230423"
"101155","0.05986023","1.0917511","10.065231"
"101155","0.09576416","1.0821838","10.122681"
"101155","0.0861969","1.0534515","10.137054"
"101155","0.12689209","1.1492157","10.213669"
"101155","0.18196106","1.1516113","10.182541"
"101155","0.1484375","1.1492157","10.285492"
"101155","0.24182129","1.1707611","10.266342"
"101155","0.07901001","1.1061249","10.127472"
"101155","0.06463623","1.1420288","10.165787"
"101155","0.06225586","1.1731567","10.187332"
"101155","-0.06463623","1.1061249","9.909607"
"101155","-0.2059021","1.0821838","10.113113"
"101155","-0.28730774","1.0079651","10.129868"
"101155","-0.25378418","1.0079651","10.13945"
"101155","-0.05027771","1.0390778","10.326187"
"101155","0.10055542","1.1827393","10.259155"
"101156","-0.03591919","1.201889","10.182541"
"101156","-0.0143585205","1.1492157","10.297455"
"101156","0.0071868896","1.0390778","10.125076"
"101156","0.04548645","1.1755524","10.110718"
"101156","-0.07421875","1.2713165","10.120285"
"101156","-0.07182312","1.2761078","10.132263"
"101156","-0.05267334","1.2521667","10.089172"
"101156","-0.10534668","1.256958","10.077194"
"101156","0.09576416","1.3072357","10.048462"
"101156","0.06703186","1.3144226","10.149017"
"101156","0.03352356","1.3455353","10.1059265"
"101156","-0.17956543","1.3215942","10.086777"
"101156","-0.12210083","1.3215942","9.96228"
"101156","-0.24420166","1.2976532","10.002975"
"101156","-0.16998291","1.3000488","10.196899"
"101156","-0.16281128","1.3934326","10.326187"
"101156","-0.16520691","1.3623047","10.25676"
"101156","-0.15802002","1.367096","10.180145"
"101156","-0.12928772","1.391037","10.084381"
"101156","-0.0095825195","1.3575134","10.055649"
"101156","0.01675415","1.3742676","10.031708"
"101156","-0.01914978","1.3838501","10.081985"
"101156","-0.01914978","1.4053955","10.055649"
"101156","-0.05986023","1.3862457","10.058044"
"101156","-0.05986023","1.4029999","10.261551"
"101156","-0.10534668","1.3742676","10.247177"
"101156","-0.23942566","1.4029999","10.050858"
"101156","-0.27293396","1.3694763","10.038895"
"101156","-0.22744751","1.4077911","10.012558"
"101156","-0.13647461","1.4077911","10.014938"
"101156","-0.11730957","1.4604645","9.959885"
"101156","-0.08859253","1.3886414","10.065231"
"101156","-0.23223877","1.3694763","10.259155"
"101156","-0.07901001","1.4293365","10.268738"
"101156","-0.03352356","1.4006042","10.21846"
"101156","-0.03591919","1.4389191","10.101135"
"101156","-0.06942749","1.4293365","10.038895"
"101156","-0.09336853","1.4173737","9.988617"
"101156","-0.17477417","1.4029999","9.976639"
"101156","-0.16520691","1.3886414","10.06044"
"101156","-0.26576233","1.3623047","10.206482"
"101156","-0.23223877","1.3263855","10.235214"
"101156","-0.18675232","1.3551178","10.192123"
"101157","-0.15562439","1.3838501","10.1586"
"101157","-0.06225586","1.4101868","10.206482"
"101157","-0.0287323","1.3862457","10.211273"
"101157","0.02154541","1.4269409","10.07959"
"101157","0.05986023","1.4077911","10.048462"
"101157","-0.03591919","1.3862457","9.971848"
"101157","-0.04548645","1.3982086","9.969452"
"101157","0.04069519","1.414978","10.048462"
"101157","-0.03591919","1.4125824","10.103531"
"101157","-0.09815979","1.3886414","10.2447815"
"101157","-0.16998291","1.3575134","10.283096"
"101157","-0.2346344","1.3431396","10.201691"
"101157","-0.23942566","1.2976532","10.132263"
"101157","-0.19154358","1.3144226","10.096344"
"101157","-0.08380127","1.4029999","10.06044"
"101157","-0.1197052","1.4293365","10.125076"
"101157","-0.01675415","1.4029999","10.065231"
"101157","0.06703186","1.4221497","10.103531"
"101157","-0.0861969","1.4221497","10.196899"
"101157","-0.06703186","1.3934326","10.175354"
"101157","-0.03831482","1.371872","10.13945"
"101157","-0.03591919","1.3575134","10.137054"
"101157","-0.14125061","1.3862457","10.086777"
"101157","-0.15322876","1.3623047","10.103531"
"101157","-0.1484375","1.359909","10.113113"
"101157","-0.0909729","1.3647003","10.117889"
"101157","-0.12928772","1.3886414","10.122681"
"101157","-0.1149292","1.3934326","10.1609955"
"101157","-0.01914978","1.4173737","10.1059265"
"101157","0.01914978","1.4437103","10.13945"
"101157","0.0","1.4077911","10.113113"
"101157","-0.01914978","1.3766632","10.072403"
"101157","-0.0071868896","1.3623047","10.086777"
"101157","-0.09576416","1.3503265","10.1586"
"101157","-0.12449646","1.3934326","10.120285"
"101157","-0.11253357","1.395813","10.046066"
"101157","-0.16281128","1.3886414","10.144226"
"101157","-0.15562439","1.3886414","10.153809"
"101157","-0.06942749","1.4125824","10.120285"
"101157","0.0095825195","1.419754","10.144226"
"101157","0.0095825195","1.4221497","10.129868"
"101157","-0.0861969","1.4437103","10.117889"
"101157","-0.03831482","1.3982086","10.053253"
"101157","0.0023956299","1.3790588","10.086777"
"101157","-0.11253357","1.367096","10.122681"
"101157","-0.12689209","1.359909","10.137054"
"101157","-0.17237854","1.3694763","10.17775"
"101158","-0.20111084","1.3479309","10.247177"
"101158","-0.05986023","1.3814545","10.163391"
"101158","-0.07182312","1.3814545","10.108322"
"101158","-0.05506897","1.3934326","9.9479065"
"101158","-0.07421875","1.3814545","10.017334"
"101158","-0.08140564","1.4221497","10.424347"
"101158","0.04309082","1.3311768","9.670181"
"101158","0.0143585205","1.3742676","10.211273"
"101158","0.0909729","1.3694763","10.33577"
"101158","0.04069519","1.4269409","10.927139"
"101158","-0.21308899","1.3982086","10.805038"
"101158","0.04069519","1.3647003","9.60553"
"101158","-0.07182312","1.3455353","9.208099"
"101158","0.0","1.3838501","9.964661"
"101158","0.0","1.4029999","10.1059265"
"101158","0.02633667","1.3527222","10.469849"
"101158","-0.07661438","1.4006042","10.484207"
"101158","-0.11253357","1.4029999","10.453079"
"101158","-0.19392395","1.3431396","10.093948"
"101158","-0.2059021","1.3431396","10.046066"
"101158","-0.17237854","1.3455353","10.012558"
"101158","-0.18196106","1.335968","10.058044"
"101158","-0.16041565","1.3239899","10.089172"
"101158","-0.23703003","1.3383636","10.194504"
"101158","-0.10534668","1.3766632","10.101135"
"101158","-0.13647461","1.3886414","10.046066"
"101158","-0.13168335","1.3647003","10.050858"
"101158","-0.06225586","1.367096","9.967056"
"101158","-0.02633667","1.4389191","10.031708"
"101158","-0.04309082","1.3383636","10.261551"
"101158","-0.08859253","1.3694763","10.172958"
"101158","-0.22026062","1.3407593","10.132263"
"101158","-0.2346344","1.3168182","10.151413"
"101158","-0.25138855","1.2737122","10.189728"
"101158","-0.19631958","1.3335724","10.184937"
"101158","-0.18914795","1.3503265","10.022125"
"101158","-0.17477417","1.312027","10.007767"
"101158","-0.06225586","1.3575134","10.134659"
"101158","0.0071868896","1.3694763","10.125076"
"101158","-0.0143585205","1.4125824","10.086777"
"101158","-0.13887024","1.3000488","10.182541"
"101158","-0.13647461","1.280899","10.153809"
"101158","-0.11730957","1.3144226","10.22084"
"101158","-0.13168335","1.3144226","10.182541"
"101158","-0.16998291","1.2952576","10.1609955"
"101159","-0.0909729","1.3814545","10.029312"
"101159","-0.15322876","1.3503265","10.113113"
"101159","-0.13407898","1.3503265","10.175354"
"101159","-0.11013794","1.3263855","10.13945"
"101159","-0.12210083","1.312027","10.204086"
"101159","-0.12210083","1.3263855","10.194504"
"101159","-0.12689209","1.3551178","10.208878"
"101159","-0.15322876","1.3383636","10.146622"
"101159","-0.05267334","1.3551178","10.046066"
"101159","-0.03591919","1.3503265","10.00058"
"101159","-0.07901001","1.359909","9.96228"
"101159","-0.06225586","1.3551178","10.129868"
"101159","-0.09336853","1.3647003","10.170563"
"101159","-0.16520691","1.3383636","10.132263"
"101159","-0.22026062","1.2976532","10.297455"
"101159","-0.15322876","1.3263855","10.216064"
"101159","-0.13407898","1.3455353","10.115509"
"101159","-0.12689209","1.3431396","9.90242"
"101159","-0.08859253","1.3862457","9.912003"
"101159","-0.05506897","1.3527222","10.091553"
"101159","-0.03591919","1.3527222","10.232819"
"101159","-0.03112793","1.3407593","10.21846"
"101159","-0.011978149","1.3982086","10.149017"
"101159","-0.07661438","1.3623047","10.137054"
"101159","-0.15322876","1.3000488","10.165787"
"101159","-0.22505188","1.312027","10.053253"
"101159","-0.14125061","1.3144226","10.103531"
"101159","-0.12210083","1.3503265","10.204086"
"101159","-0.03831482","1.371872","10.09874"
"101159","0.0023956299","1.4077911","10.06044"
"101159","-0.0047912598","1.4029999","10.074799"
"101159","-0.13407898","1.3575134","10.137054"
"101159","-0.15802002","1.3623047","10.170563"
"101159","-0.17237854","1.3503265","10.144226"
"101159","-0.21069336","1.3431396","10.108322"
"101159","-0.13647461","1.367096","10.062836"
"101159","-0.09576416","1.3503265","10.043671"
"101159","-0.07661438","1.3311768","10.192123"
"101159","-0.0861969","1.3575134","10.199295"
"101159","-0.08380127","1.3479309","10.1609955"
"101159","-0.0909729","1.3575134","10.151413"
"101200","-0.06225586","1.3623047","10.141846"
"101200","-0.10295105","1.371872","9.988617"
"101200","-0.08140564","1.367096","9.983826"
"101200","-0.1149292","1.3766632","10.170563"
"101200","-0.20829773","1.3335724","10.254364"
"101200","-0.20829773","1.2689209","10.254364"
"101200","-0.24899292","1.2928619","10.235214"
"101200","-0.1484375","1.3431396","10.204086"
"101200","-0.08380127","1.3383636","10.1609955"
"101200","0.0","1.3838501","10.00058"
"101200","0.01675415","1.4077911","9.969452"
"101200","0.03591919","1.395813","10.038895"
"101200","-0.10774231","1.3575134","10.204086"
"101200","-0.13887024","1.359909","10.22084"
"101200","-0.13647461","1.3024445","10.192123"
"101200","-0.1484375","1.3263855","10.149017"
"101200","-0.11253357","1.3287811","10.208878"
"101200","-0.13407898","1.3383636","10.089172"
"101200","-0.14604187","1.3263855","10.050858"
"101200","-0.14364624","1.3647003","10.084381"
"101200","-0.12928772","1.3766632","10.125076"
"101200","-0.11730957","1.3072357","10.170563"
"101200","-0.10055542","1.2737122","10.117889"
"101200","-0.03352356","1.335968","10.163391"
"101200","-0.02633667","1.3431396","10.172958"
"101200","-0.05267334","1.3455353","10.163391"
"101200","-0.0023956299","1.3551178","10.122681"
"101200","-0.07421875","1.3335724","9.94072"
"101200","0.17956543","1.3742676","9.988617"
"101200","0.09336853","1.3096313","10.149017"
"101200","0.14364624","1.2832947","10.170563"
"101200","-0.04309082","1.1970978","10.184937"
"101200","-0.21069336","1.2114716","10.333374"
"101200","-0.22744751","1.1564026","10.328583"
"101200","-0.24182129","1.2138672","10.409988"
"101200","-0.20350647","1.0965424","10.271118"
"101200","-0.13407898","1.2210388","10.031708"
"101200","-0.15562439","1.2617493","10.232819"
"101200","0.22744751","1.2186432","10.196899"
"101200","0.27053833","1.256958","10.156204"
"101200","0.27293396","1.1947021","10.184937"
"101200","-0.04788208","1.1923065","10.024521"
"101200","0.12928772","1.1492157","10.2447815"
"101200","0.12449646","1.1923065","10.400406"
"101200","0.22505188","1.2114716","10.175354"
"101201","0.23703003","1.2162476","10.103531"
"101201","0.19631958","1.256958","10.041275"
"101201","0.1149292","1.1899109","9.993393"
"101201","0.12210083","1.2138672","10.110718"
"101201","0.14364624","1.2258301","10.206482"
"101201","0.0574646","1.1875305","10.251968"
"101201","0.08380127","1.1899109","10.192123"
"101201","0.09336853","1.1899109","10.21846"
"101201","0.09576416","1.2138672","10.211273"
"101201","0.06703186","1.1923065","10.09874"
"101201","0.08859253","1.2162476","10.134659"
"101201","0.0574646","1.1994934","10.036499"
"101201","0.02154541","1.2042847","10.077194"
"101201","-0.0047912598","1.1659698","10.192123"
"101201","0.08380127","1.1994934","10.189728"
"101201","0.08380127","1.2282257","10.096344"
"101201","0.06463623","1.2210388","10.084381"
"101201","0.06703186","1.2258301","10.117889"
"101201","0.1197052","1.2258301","10.110718"
"101201","0.14125061","1.2306213","10.170563"
"101201","0.05986023","1.2737122","10.2400055"
"101201","0.08859253","1.2832947","10.1609955"
"101201","0.06942749","1.2114716","10.046066"
"101201","-0.06703186","1.1970978","10.108322"
"101201","-0.07421875","1.2737122","10.187332"
"101201","0.05027771","1.2665253","10.024521"
"101201","0.05027771","1.2378082","10.002975"
"101201","0.03112793","1.2880859","10.01973"
"101201","-0.0287323","1.3335724","10.125076"
"101201","-0.0287323","1.2713165","10.180145"
"101201","0.03831482","1.233017","10.201691"
"101201","0.06703186","1.2186432","10.29985"
"101201","0.0071868896","1.2378082","10.208878"
"101201","0.06942749","1.2761078","10.017334"
"101201","0.07421875","1.3000488","10.002975"
"101201","0.05267334","1.2761078","10.038895"
"101201","0.06703186","1.3191986","10.002975"
"101201","-0.03112793","1.2928619","10.225632"
"101201","-0.05506897","1.2617493","10.249573"
"101201","-0.06942749","1.2258301","10.108322"
"101201","-0.08140564","1.2449799","10.144226"
"101201","-0.0143585205","1.2593536","10.086777"
"101201","-0.05986023","1.2713165","10.096344"
"101202","-0.0023956299","1.312027","10.132263"
"101202","0.04309082","1.3144226","10.081985"
"101202","0.06463623","1.3263855","10.1059265"
"101202","0.11253357","1.3287811","10.127472"
"101202","0.17956543","1.3048401","10.187332"
"101202","0.16041565","1.3551178","10.151413"
"101202","0.21069336","1.3503265","10.187332"
"101202","0.0909729","1.359909","10.074799"
"101202","0.03831482","1.2880859","10.036499"
"101202","-0.07421875","1.280899","10.165787"
"101202","-0.2346344","1.2138672","10.108322"
"101202","-0.1149292","1.2737122","9.856934"
"101202","0.01675415","1.2737122","9.957489"
"101202","-0.04069519","1.2306213","10.2447815"
"101202","-0.03352356","1.3000488","10.242401"
"101202","0.15322876","1.2737122","10.661377"
"101202","0.0574646","1.335968","10.129868"
"101202","0.24182129","1.3527222","9.969452"
"101202","0.22026062","1.3407593","9.880875"
"101202","0.0909729","1.3982086","9.945511"
"101202","0.11253357","1.3742676","9.923965"
"101202","0.04069519","1.2425842","10.412384"
"101202","-0.15322876","1.2282257","10.230423"
"101202","0.0023956299","1.2641449","9.916779"
"101202","0.0287323","1.3024445","9.859329"
"101202","0.02633667","1.3575134","9.983826"
"101202","0.04548645","1.3000488","9.98143"
"101202","0.06463623","1.2832947","9.974243"
"101202","0.05506897","1.3191986","10.149017"
"101202","-0.02394104","1.256958","10.22084"
"101202","0.03831482","1.2665253","10.175354"
"101202","0.05267334","1.2617493","10.125076"
"101202","0.03352356","1.2952576","10.034103"
"101202","0.0574646","1.2856903","10.115509"
"101202","-0.02633667","1.3024445","10.311829"
"101202","-0.05986023","1.2234344","10.283096"
"101202","-0.0574646","1.2210388","10.304642"
"101202","-0.04788208","1.2090759","10.146622"
"101202","-0.04548645","1.256958","10.113113"
"101202","-0.05267334","1.2713165","10.070007"
"101202","0.0071868896","1.256958","10.014938"
"101202","0.1149292","1.2737122","10.070007"
"101202","0.09336853","1.3000488","10.074799"
"101202","0.09576416","1.3647003","10.041275"
"101202","0.08859253","1.3479309","10.050858"
"101202","0.03591919","1.3168182","10.09874"
"101203","-0.0071868896","1.2473755","10.23761"
"101203","0.0","1.3024445","10.242401"
"101203","0.12210083","1.3096313","10.196899"
"101203","0.0574646","1.280899","10.014938"
"101203","0.01914978","1.312027","10.163391"
"101203","0.0143585205","1.2928619","10.261551"
"101203","0.02633667","1.2832947","10.278305"
"101203","-0.0023956299","1.3239899","10.07959"
"101203","0.0287323","1.3287811","10.014938"
"101203","0.0023956299","1.3191986","9.943115"
"101203","0.011978149","1.3263855","10.01973"
"101203","0.0287323","1.3000488","10.149017"
"101203","-0.03352356","1.2856903","10.168167"
"101203","-0.04548645","1.2785034","10.125076"
"101203","-0.1149292","1.2856903","10.211273"
"101203","0.0095825195","1.2617493","10.278305"
"101203","-0.03831482","1.3096313","10.036499"
"101203","-0.03831482","1.3287811","10.024521"
"101203","-0.0071868896","1.3144226","10.014938"
"101203","0.05027771","1.3215942","10.17775"
"101203","-0.05267334","1.2880859","10.127472"
"101203","-0.0071868896","1.3287811","10.172958"
"101203","-0.02633667","1.3479309","10.1586"
"101203","0.011978149","1.3383636","10.034103"
"101203","-0.02633667","1.3287811","10.204086"
"101203","0.0047912598","1.3503265","10.228027"
"101203","0.0023956299","1.3239899","10.232819"
"101203","0.04069519","1.3431396","10.00058"
"101203","0.02633667","1.3311768","10.06044"
"101203","0.03591919","1.335968","10.101135"
"101203","0.03352356","1.3647003","10.072403"
"101203","0.02154541","1.3551178","10.122681"
"101203","-0.02394104","1.3455353","10.235214"
"101203","-0.03831482","1.367096","10.208878"
"101203","-0.0287323","1.3551178","10.168167"
"101203","0.0023956299","1.3048401","9.983826"
"101203","-0.04309082","1.3287811","10.07959"
"101203","0.02633667","1.367096","10.206482"
"101203","0.0287323","1.3431396","10.170563"
"101203","-0.04548645","1.3335724","10.1609955"
"101203","0.0287323","1.3072357","10.129868"
"101203","-0.04788208","1.3215942","10.089172"
"101203","0.0574646","1.3551178","10.012558"
"101204","0.06225586","1.367096","10.089172"
"101204","-0.03352356","1.3647003","10.134659"
"101204","-0.011978149","1.359909","10.122681"
"101204","-0.10055542","1.256958","10.206482"
"101204","-0.10295105","1.2785034","10.297455"
"101204","-0.02394104","1.367096","10.122681"
"101204","0.0023956299","1.395813","9.945511"
"101204","-0.03831482","1.359909","10.172958"
"101204","0.07661438","1.3886414","10.151413"
"101204","0.0861969","1.3934326","10.031708"
"101204","0.25378418","1.3982086","10.275909"
"101204","-0.10055542","1.367096","10.216064"
"101204","-0.09576416","1.3551178","10.163391"
"101204","0.02154541","1.3239899","10.046066"
"101204","-0.03831482","1.2880859","10.031708"
"101204","-0.15322876","1.3191986","10.175354"
"101204","-0.23703003","1.3479309","10.2447815"
"101204","-0.15802002","1.3263855","10.354919"
"101204","-0.16998291","1.3335724","9.832993"
"101204","-0.1771698","1.3263855","9.811432"
"101204","-0.14604187","1.3407593","9.897629"
"101204","-0.0143585205","1.3072357","9.806656"
"101204","0.08140564","1.2449799","10.072403"
"101204","0.21308899","1.2761078","10.254364"
"101204","0.07661438","1.2282257","10.1586"
"101204","0.23223877","1.1970978","10.551254"
"101204","-0.1149292","1.1468201","10.55603"
"101204","0.0143585205","1.074997","10.297455"
"101204","0.06703186","1.0917511","10.103531"
"101204","-0.05027771","1.1276703","9.967056"
"101204","-0.14604187","1.1803436","9.840164"
"101204","0.0143585205","1.1252747","9.885666"
"101204","0.14125061","1.154007","9.933548"
"101204","0.12928772","1.1923065","10.07959"
"101204","0.05506897","1.1731567","10.204086"
"101204","0.01675415","1.0558472","10.3190155"
"101204","0.15802002","1.043869","10.577576"
"101205","0.30166626","1.0247192","10.216064"
"101205","0.2346344","1.0343018","10.1059265"
"101205","0.05027771","1.0893555","10.065231"
"101205","0.09815979","1.1348572","10.046066"
"101205","0.1771698","1.0845795","10.180145"
"101205","0.32321167","1.0797882","10.172958"
"101205","0.3543396","1.122879","10.038895"
"101205","0.40940857","1.1061249","10.036499"
"101205","0.25378418","1.1132965","10.165787"
"101205","0.292099","1.0414734","10.1609955"
"101205","0.30645752","1.0702057","10.175354"
"101205","0.31124878","1.06781","10.153809"
"101205","0.28012085","1.0869751","10.149017"
"101205","0.15322876","1.1109161","10.259155"
"101205","0.24182129","1.1037292","10.184937"
"101205","0.16998291","1.019928","10.180145"
"101205","0.16758728","1.0606384","10.196899"
"101205","0.14364624","1.0702057","10.091553"
"101205","0.16758728","1.0319061","10.055649"
"101205","0.23703003","1.0630188","10.07959"
"101205","0.30645752","1.0366821","10.086777"
"101205","0.2633667","1.0462646","10.168167"
"101205","0.27053833","1.0558472","10.194504"
"101205","0.3543396","1.06781","10.137054"
"101205","0.35913086","1.1372528","10.211273"
"101205","0.33518982","1.1516113","10.213669"
"101205","0.2561798","1.0295105","10.156204"
"101205","0.18675232","1.0295105","10.304642"
"101205","0.16998291","1.0414734","10.31662"
"101205","0.27053833","1.0031738","10.187332"
"101205","0.35673523","1.0941467","10.01973"
"101205","0.22744751","1.0845795","10.050858"
"101205","0.22265625","1.0462646","10.101135"
"101205","0.25138855","1.0510559","10.213669"
"101205","0.24899292","1.019928","10.228027"
"101205","0.24420166","1.0055695","10.2400055"
"101205","0.16520691","0.9911957","10.409988"
"101205","0.14125061","1.0103607","10.409988"
"101205","0.15322876","0.97683716","10.206482"
"101205","0.17477417","0.9864044","10.208878"
"101205","0.3423767","1.0630188","10.005371"
"101205","0.3136444","1.0582428","10.017334"
"101205","0.19154358","1.0103607","10.168167"
"101205","0.22026062","1.0319061","10.144226"
"101205","0.28970337","1.0414734","10.172958"
"101205","0.39743042","1.0390778","9.950302"
"101206","0.38786316","1.0534515","10.007767"
"101206","0.20111084","0.96725464","10.393234"
"101206","0.16520691","0.9528961","10.381256"
"101206","0.0095825195","1.0510559","10.491394"
"101206","0.11253357","1.0486603","9.98143"
"101206","0.0047912598","1.0271149","9.98143"
"101206","0.25378418","1.0702057","10.21846"
"101206","0.39743042","1.06781","10.196899"
"101206","0.35913086","1.098938","10.149017"
"101206","0.42138672","1.0965424","9.914383"
"101206","0.3902588","1.1156921","9.907211"
"101206","0.23942566","1.0414734","10.3190155"
"101206","0.20829773","1.06781","10.376465"
"101206","0.19392395","1.0869751","10.354919"
"101206","0.16758728","1.0941467","10.271118"
"101206","0.15562439","1.0031738","9.957489"
"101206","0.0861969","1.0295105","10.23761"
"101206","0.12928772","1.0606384","10.405197"
"101206","0.15322876","1.0773926","10.369293"
"101206","0.292099","1.0702057","10.125076"
"101206","0.21069336","1.1324615","9.931152"
"101206","0.22744751","1.1468201","10.046066"
"101206","0.25138855","1.0941467","10.182541"
"101206","0.19154358","1.1396332","10.328583"
"101206","0.1149292","1.0247192","10.07959"
"101206","0.11253357","1.0534515","10.22084"
"101206","0.19631958","1.0797882","10.247177"
"101206","0.23942566","1.1396332","10.048462"
"101206","0.23942566","1.1564026","10.125076"
"101206","0.3136444","1.1827393","10.13945"
"101206","0.296875","1.1731567","10.113113"
"101206","0.2059021","1.1468201","10.192123"
"101206","0.22505188","1.098938","10.120285"
"101206","0.1771698","1.1348572","10.151413"
"101206","0.07182312","1.1372528","10.204086"
"101206","0.10534668","1.1420288","10.22084"
"101206","0.1484375","1.1492157","10.101135"
"101206","0.16998291","1.1516113","10.149017"
"101207","0.19871521","1.1564026","10.172958"
"101207","0.21069336","1.1587982","10.168167"
"101207","0.21308899","1.1300659","10.21846"
"101207","0.14604187","1.1324615","10.13945"
"101207","0.09815979","1.1013336","10.089172"
"101207","0.10295105","1.1037292","10.089172"
"101207","0.05027771","1.1492157","10.230423"
"101207","0.10055542","1.1492157","10.22084"
"101207","0.12928772","1.1013336","10.199295"
"101207","0.1197052","1.1420288","10.1586"
"101207","0.2059021","1.1300659","10.1059265"
"101207","0.16758728","1.1564026","10.07959"
"101207","0.2059021","1.1468201","10.108322"
"101207","0.14604187","1.1851349","10.180145"
"101207","0.18435669","1.154007","10.189728"
"101207","0.19631958","1.1755524","10.062836"
"101207","0.19392395","1.1683655","10.096344"
"101207","0.06463623","1.177948","10.2400055"
"101207","0.04309082","1.1132965","10.251968"
"101207","-0.04309082","1.098938","10.311829"
"101207","-0.0143585205","1.1013336","10.29985"
"101207","0.14604187","1.1516113","10.175354"
"101207","0.11730957","1.2090759","10.065231"
"101207","0.15322876","1.098938","10.13945"
"101207","0.16520691","1.1372528","10.29985"
"101207","0.13168335","1.1444244","10.184937"
"101207","0.16998291","1.1611938","10.084381"
"101207","0.22984314","1.2258301","10.046066"
"101207","0.15562439","1.201889","10.172958"
"101207","0.1484375","1.1851349","10.192123"
"101207","0.16998291","1.1564026","10.172958"
"101207","0.1149292","1.1396332","10.153809"
"101207","0.08140564","1.1564026","10.149017"
"101207","0.1149292","1.1923065","10.199295"
"101207","0.07661438","1.1731567","10.196899"
"101207","0.08140564","1.1564026","10.184937"
"101207","0.13887024","1.2162476","10.129868"
"101207","0.16758728","1.1755524","10.149017"
"101207","0.15083313","1.1587982","10.153809"
"101207","0.15322876","1.2138672","10.168167"
"101207","0.09336853","1.1659698","10.223236"
"101208","0.02394104","1.1348572","10.129868"
"101208","0.05506897","1.1156921","10.086777"
"101208","0.04788208","1.1492157","10.180145"
"101208","0.0861969","1.2378082","10.307037"
"101208","0.09815979","1.233017","10.268738"
"101208","0.14125061","1.1875305","10.170563"
"101208","0.11253357","1.1492157","10.117889"
"101208","0.15083313","1.2042847","10.149017"
"101208","0.19154358","1.201889","10.093948"
"101208","0.20350647","1.2521667","10.031708"
"101208","0.12928772","1.1947021","10.014938"
"101208","0.03591919","1.1611938","10.189728"
"101208","-0.05267334","1.0893555","10.304642"
"101208","-0.06463623","1.0917511","10.31662"
"101208","-0.0047912598","1.0773926","10.201691"
"101208","0.0287323","1.1085205","10.216064"
"101208","0.10055542","1.1444244","10.141846"
"101208","0.13407898","1.1970978","10.046066"
"101208","0.09815979","1.2186432","10.084381"
"101208","0.07901001","1.2234344","10.184937"
"101208","0.17477417","1.1803436","10.153809"
"101208","0.04069519","1.1444244","10.115509"
"101208","0.04788208","1.1803436","10.216064"
"101208","0.04548645","1.1252747","10.225632"
"101208","0.04548645","1.122879","10.213669"
"101208","-0.01914978","1.1396332","10.072403"
"101208","0.05506897","1.1899109","10.156204"
"101208","0.08140564","1.154007","10.170563"
"101208","0.15802002","1.2114716","10.117889"
"101208","0.0909729","1.2042847","10.125076"
"101208","0.05986023","1.177948","10.129868"
"101208","0.0095825195","1.1372528","10.201691"
"101208","-0.06463623","1.1492157","10.247177"
"101208","-0.04069519","1.1492157","10.206482"
"101208","0.13647461","1.1851349","10.141846"
"101208","0.13887024","1.2425842","10.132263"
"101208","0.11013794","1.201889","10.168167"
"101208","0.11013794","1.1731567","10.228027"
"101209","0.06703186","1.1803436","10.13945"
"101209","0.03831482","1.1707611","10.012558"
"101209","0.03112793","1.2641449","10.1059265"
"101209","0.07421875","1.2042847","10.235214"
"101209","0.07661438","1.177948","10.201691"
"101209","0.0023956299","1.1587982","10.271118"
"101209","0.0095825195","1.154007","10.23761"
"101209","0.05267334","1.1994934","10.194504"
"101209","0.0287323","1.1827393","10.172958"
"101209","0.14364624","1.201889","10.034103"
"101209","0.15802002","1.3048401","10.00058"
"101209","0.16281128","1.2952576","10.002975"
"101209","0.16281128","1.3048401","10.0269165"
"101209","0.0071868896","1.1587982","10.153809"
"101209","-0.04788208","1.1994934","10.342957"
"101209","-0.04548645","1.2497711","10.3190155"
"101209","-0.55784607","1.3766632","10.072403"
"101209","-0.18435669","1.2497711","10.208878"
"101209","-0.24899292","1.2545624","10.137054"
"101209","-0.1484375","1.2880859","10.225632"
"101209","-0.32081604","1.2545624","10.263947"
"101209","-0.36631775","1.1707611","10.213669"
"101209","-0.11013794","1.1587982","10.132263"
"101209","-0.15322876","1.2545624","10.141846"
"101209","-0.15083313","1.2234344","10.194504"
"101209","-0.05506897","1.3766632","10.070007"
"101209","-0.0909729","1.3431396","9.780319"
"101209","-0.0574646","1.3814545","9.897629"
"101209","-0.06463623","1.4077911","9.986221"
"101209","0.011978149","1.367096","10.149017"
"101209","-0.12210083","1.371872","10.09874"
"101209","-0.03831482","1.414978","10.206482"
"101209","-0.17477417","1.4173737","10.194504"
"101209","-0.13887024","1.391037","9.912003"
"101209","-0.11730957","1.4053955","10.172958"
"101209","-0.22026062","1.3431396","10.115509"
"101209","-0.292099","1.3934326","10.137054"
"101209","-0.27053833","1.3766632","10.110718"
"101209","-0.06703186","1.4029999","10.259155"
"101210","-0.11730957","1.4652557","10.031708"
"101210","-0.21069336","1.4221497","9.909607"
"101210","-0.14364624","1.367096","10.170563"
"101210","0.03831482","1.4413147","10.2447815"
"101210","-0.03112793","1.4556732","10.283096"
"101210","-0.24182129","1.4341278","10.13945"
"101210","-0.26097107","1.3838501","10.199295"
"101210","-0.18914795","1.3694763","10.199295"
"101210","-0.2059021","1.3838501","10.036499"
"101210","-0.21548462","1.367096","10.029312"
"101210","-0.17477417","1.4389191","10.180145"
"101210","0.06942749","1.3191986","10.132263"
"101210","-0.2059021","1.4868011","10.254364"
"101210","-0.11013794","1.4772186","9.933548"
"101210","-0.11253357","1.4341278","10.065231"
"101210","-0.16998291","1.4245453","10.304642"
"101210","-0.09576416","1.3814545","9.909607"
"101210","-0.06703186","1.3862457","9.864105"
"101210","-0.10534668","1.395813","9.979034"
"101210","-0.13647461","1.4101868","10.137054"
"101210","-0.21069336","1.3814545","10.342957"
"101210","-0.2059021","1.414978","10.31662"
"101210","-0.19631958","1.4077911","9.986221"
"101210","-0.14364624","1.4173737","9.885666"
"101210","-0.11730957","1.4413147","9.835388"
"101210","-0.1197052","1.419754","9.84256"
"101210","-0.06942749","1.419754","10.1609955"
"101210","-0.22744751","1.3455353","10.194504"
"101210","-0.37828064","1.2545624","10.362106"
"101210","-0.19154358","1.3407593","10.09874"
"101210","-0.08380127","1.4413147","9.959885"
"101210","-0.15562439","1.4293365","10.07959"
"101210","-0.05027771","1.3982086","10.086777"
"101210","-0.12210083","1.3790588","10.278305"
"101210","-0.13647461","1.3503265","10.172958"
"101210","-0.20350647","1.3335724","10.024521"
"101210","-0.23703003","1.3431396","10.129868"
"101210","-0.20350647","1.3407593","10.17775"
"101210","-0.12449646","1.359909","10.113113"
"101211","-0.15322876","1.3551178","10.050858"
"101211","-0.11253357","1.3814545","10.041275"
"101211","-0.11730957","1.3623047","10.046066"
"101211","-0.03112793","1.4245453","10.232819"
"101211","-0.08859253","1.4053955","10.165787"
"101211","-0.08859253","1.3934326","10.1609955"
"101211","-0.1771698","1.359909","10.072403"
"101211","-0.22505188","1.3311768","10.110718"
"101211","-0.22505188","1.3575134","10.096344"
"101211","-0.03831482","1.4101868","10.151413"
"101211","-0.07661438","1.4006042","10.129868"
"101211","-0.07901001","1.371872","10.201691"
"101211","-0.19871521","1.3814545","10.204086"
"101211","-0.08380127","1.4125824","10.043671"
"101211","-0.11013794","1.3982086","9.969452"
"101211","-0.14125061","1.4652557","10.0269165"
"101211","-0.15562439","1.4437103","10.077194"
"101211","-0.15802002","1.3191986","10.271118"
"101211","-0.24659729","1.3168182","10.196899"
"101211","-0.22026062","1.3335724","10.170563"
"101211","-0.20829773","1.4125824","9.988617"
"101211","-0.22744751","1.4317322","9.923965"
"101211","-0.19631958","1.5131378","10.146622"
"101211","-0.23223877","1.5227051","10.242401"
"101211","-0.25138855","1.5274963","10.216064"
"101211","-0.10055542","1.4772186","9.952698"
"101211","0.03112793","1.367096","10.228027"
"101211","-0.21308899","1.2785034","10.47464"
"101211","0.0071868896","1.2713165","10.366898"
"101211","0.19392395","1.2593536","10.108322"
"101211","-0.03831482","1.3096313","9.801865"
"101211","-0.15802002","1.395813","9.765945"
"101211","-0.14125061","1.4556732","9.900024"
"101211","-0.10295105","1.4580688","10.273514"
"101211","-0.14604187","1.3575134","10.321411"
"101211","-0.14604187","1.367096","10.311829"
"101211","-0.07901001","1.3982086","10.287888"
"101211","-0.04788208","1.4341278","10.2400055"
"101212","-0.03112793","1.493988","9.897629"
"101212","-0.05027771","1.470047","9.698914"
"101212","-0.1771698","1.450882","10.005371"
"101212","-0.27772522","1.4245453","10.3980255"
"101212","-0.27053833","1.4053955","10.393234"
"101212","-0.19154358","1.4269409","10.366898"
"101212","-0.19154358","1.4413147","10.340561"
"101212","-0.09815979","1.450882","10.1609955"
"101212","-0.0861969","1.4269409","10.072403"
"101212","-0.1149292","1.4556732","10.055649"
"101212","-0.22026062","1.4317322","9.98143"
"101212","-0.0071868896","1.4053955","9.983826"
"101212","-0.0287323","1.450882","9.969452"
"101212","-0.05986023","1.470047","9.945511"
"101212","0.0071868896","1.498764","10.1586"
"101212","0.08140564","1.5035553","10.1609955"
"101212","-0.10534668","1.474823","10.223236"
"101212","-0.29927063","1.450882","10.17775"
"101212","-0.26097107","1.3575134","9.90242"
"101212","-0.08380127","1.3742676","10.137054"
"101212","0.0047912598","1.359909","10.247177"
"101212","0.011978149","1.395813","10.285492"
"101212","-0.01914978","1.4341278","10.283096"
"101212","-0.11013794","1.4844055","10.208878"
"101212","0.11013794","1.4101868","10.196899"
"101212","0.12928772","1.3838501","9.928757"
"101212","0.09576416","1.4772186","9.761154"
"101212","0.02633667","1.450882","9.737213"
"101212","-0.19392395","1.3263855","10.225632"
"101212","-0.24420166","1.3239899","10.254364"
"101212","-0.26097107","1.2761078","10.213669"
"101212","-0.36631775","1.3647003","10.232819"
"101212","-0.34477234","1.3886414","10.120285"
"101212","0.03112793","1.2402039","10.127472"
"101212","-0.07661438","1.2617493","10.2447815"
"101212","-0.27772522","1.3215942","10.426743"
"101212","-0.02633667","1.2952576","10.259155"
"101212","0.03112793","1.3072357","10.194504"
"101212","0.13407898","1.2689209","9.80426"
"101212","0.03831482","1.3024445","9.888046"
"101212","-0.09576416","1.2785034","10.156204"
"101212","-0.06225586","1.2138672","10.366898"
"101212","-0.05027771","1.2713165","10.438721"
"101213","-0.16281128","1.2473755","10.33577"
"101213","-0.0287323","1.3096313","10.249573"
"101213","0.16520691","1.3239899","9.928757"
"101213","0.04788208","1.3551178","10.00058"
"101213","0.06703186","1.3383636","10.043671"
"101213","-0.0095825195","1.3048401","10.146622"
"101213","-0.03352356","1.3072357","10.101135"
"101213","-0.0143585205","1.2976532","10.125076"
"101213","-0.11730957","1.2665253","10.175354"
"101213","-0.1197052","1.280899","10.22084"
"101213","-0.13407898","1.280899","10.271118"
"101213","-0.07182312","1.280899","10.189728"
"101213","-0.04309082","1.280899","10.149017"
"101213","-0.0023956299","1.3024445","9.952698"
"101213","-0.0023956299","1.2928619","9.955093"
"101213","0.03112793","1.280899","10.077194"
"101213","-0.0023956299","1.3191986","10.311829"
"101213","0.03591919","1.2976532","10.13945"
"101213","-0.0071868896","1.2928619","10.103531"
"101213","-0.04548645","1.3072357","10.151413"
"101213","-0.12210083","1.280899","10.103531"
"101213","-0.12689209","1.2473755","10.170563"
"101213","-0.0574646","1.3168182","10.187332"
"101213","0.0047912598","1.3191986","10.13945"
"101213","-0.01914978","1.371872","10.050858"
"101213","-0.0071868896","1.3383636","10.022125"
"101213","0.13168335","1.3239899","10.091553"
"101213","0.04309082","1.371872","10.132263"
"101213","-0.06463623","1.371872","10.172958"
"101213","-0.09815979","1.3455353","10.134659"
"101213","-0.06225586","1.2497711","10.285492"
"101213","-0.0861969","1.233017","10.2400055"
"101213","-0.08859253","1.2282257","10.204086"
"101213","-0.08380127","1.256958","10.196899"
"101213","-0.0861969","1.4006042","10.081985"
"101213","0.02394104","1.3455353","10.072403"
"101213","0.06942749","1.3694763","10.101135"
"101213","0.0143585205","1.3144226","10.120285"
"101213","-0.06463623","1.3383636","10.09874"
"101213","-0.05986023","1.3838501","10.074799"
"101214","-0.03352356","1.3766632","10.165787"
"101214","-0.10534668","1.312027","10.165787"
"101214","-0.10534668","1.2976532","10.151413"
"101214","-0.09576416","1.280899","10.172958"
"101214","-0.011978149","1.3814545","10.053253"
"101214","0.05027771","1.359909","10.268738"
"101214","-0.15562439","1.3311768","10.685318"
"101214","-0.16281128","1.367096","10.565613"
"101214","0.15562439","1.3790588","9.526535"
"101214","-0.05986023","1.3191986","10.280701"
"101214","-0.06463623","1.3024445","10.170563"
"101214","-0.11730957","1.3575134","10.153809"
"101214","-0.0909729","1.3479309","10.165787"
"101214","-0.05027771","1.2880859","10.096344"
"101214","-0.0047912598","1.280899","9.945511"
"101214","-0.01914978","1.3048401","10.022125"
"101214","0.02154541","1.335968","10.1609955"
"101214","0.03352356","1.3144226","10.172958"
"101214","-0.10774231","1.2378082","10.184937"
"101214","-0.08140564","1.2114716","10.4028015"
"101214","-0.0909729","1.2114716","10.436325"
"101214","-0.08859253","1.2880859","10.1609955"
"101214","0.04788208","1.2665253","10.06044"
"101214","0.13407898","1.3431396","9.94072"
"101214","0.19392395","1.2713165","10.508148"
"101214","-0.0287323","1.3694763","10.053253"
"101214","-0.02633667","1.2593536","9.892838"
"101214","-0.08380127","1.2186432","10.06044"
"101214","-0.3471527","1.2497711","10.113113"
"101214","-0.16281128","1.2785034","10.012558"
"101214","-0.34954834","1.2425842","10.072403"
"101214","-0.35194397","1.2593536","10.151413"
"101214","-0.0143585205","1.3024445","10.225632"
"101214","-0.0143585205","1.3455353","9.979034"
"101214","-0.02394104","1.3239899","9.9479065"
"101214","0.0071868896","1.3000488","10.081985"
"101214","-0.06463623","1.2785034","10.117889"
"101215","-0.12210083","1.2976532","10.453079"
"101215","-0.09815979","1.2761078","10.3190155"
"101215","-0.04069519","1.2928619","9.94072"
"101215","-0.13168335","1.2689209","9.878479"
"101215","-0.0071868896","1.3144226","10.117889"
"101215","-0.07901001","1.3096313","10.13945"
"101215","-0.1149292","1.3024445","10.22084"
"101215","-0.01914978","1.2785034","10.33577"
"101215","-0.03112793","1.2832947","10.268738"
"101215","-0.07901001","1.2976532","10.261551"
"101215","-0.05986023","1.2880859","10.261551"
"101215","-0.1197052","1.2378082","10.022125"
"101215","-0.1484375","1.2785034","9.909607"
"101215","-0.11730957","1.2617493","9.935944"
"101215","0.011978149","1.3383636","10.144226"
"101215","-0.12928772","1.3072357","10.302246"
"101215","-0.0287323","1.3191986","10.29985"
"101215","-0.03591919","1.3096313","9.931152"
"101215","-0.04788208","1.3000488","9.88327"
"101215","-0.03591919","1.312027","9.856934"
"101215","-0.02394104","1.3144226","9.912003"
"101215","-0.10774231","1.3144226","10.302246"
"101215","-0.12689209","1.2928619","10.204086"
"101215","-0.1197052","1.2665253","10.01973"
"101215","-0.10774231","1.2473755","9.971848"
"101215","-0.0287323","1.2737122","10.055649"
"101215","-0.0071868896","1.3000488","10.077194"
"101215","-0.10055542","1.3096313","10.132263"
"101215","0.0","1.3168182","10.302246"
"101215","-0.02154541","1.371872","10.0269165"
"101215","0.0861969","1.2210388","9.971848"
"101215","0.03352356","1.2976532","10.01973"
"101215","-0.18435669","1.2042847","10.172958"
"101215","-0.18196106","1.2138672","10.230423"
"101215","-0.22026062","1.1564026","10.23761"
"101215","0.1149292","1.2234344","10.371689"
"101215","0.15083313","1.256958","10.4028015"
"101215","0.14604187","1.2593536","10.187332"
"101215","-0.05267334","1.2090759","10.074799"
"101215","-0.05267334","1.2928619","10.091553"
"101215","0.14364624","1.1396332","10.084381"
"101216","0.09336853","1.2186432","10.184937"
"101216","-0.01675415","1.2186432","10.182541"
"101216","0.0861969","1.2042847","10.043671"
"101216","0.06225586","1.0941467","9.847351"
"101216","0.0287323","1.1923065","10.07959"
"101216","0.0023956299","1.1851349","10.407593"
"101216","-0.0047912598","1.154007","10.33577"
"101216","0.09336853","1.1611938","10.426743"
"101216","-0.03112793","1.0845795","10.22084"
"101216","0.13168335","1.1037292","10.194504"
"101216","0.12928772","1.098938","10.328583"
"101216","0.16041565","1.1707611","10.194504"
"101216","0.16041565","1.1970978","10.046066"
"101216","0.19631958","1.1707611","9.950302"
"101216","0.18675232","1.1707611","10.06044"
"101216","0.2561798","1.1707611","10.175354"
"101216","0.22026062","1.1468201","10.273514"
"101216","0.15322876","1.1420288","10.266342"
"101216","0.01914978","1.1061249","10.189728"
"101216","0.0071868896","1.0654144","10.134659"
"101216","0.0287323","1.1061249","10.163391"
"101216","0.05986023","1.1300659","10.1586"
"101216","0.06225586","1.1731567","10.137054"
"101216","0.12928772","1.1516113","10.137054"
"101216","0.0861969","1.1204834","10.23761"
"101216","0.18196106","1.1994934","10.081985"
"101216","0.15083313","1.2138672","10.084381"
"101216","0.06942749","1.1252747","10.115509"
"101216","0.04069519","1.1109161","10.129868"
"101216","0.04069519","1.0797882","10.271118"
"101216","0.04788208","1.1156921","10.249573"
"101216","0.21786499","1.2114716","9.986221"
"101216","0.17956543","1.2042847","10.043671"
"101216","-0.0023956299","1.154007","10.211273"
"101216","0.13887024","1.1468201","10.196899"
"101216","0.06225586","1.1611938","10.125076"
"101216","0.06463623","1.1635895","10.101135"
"101217","0.1484375","1.2114716","10.156204"
"101217","0.05267334","1.1827393","10.153809"
"101217","0.07182312","1.1180878","10.235214"
"101217","0.06942749","1.154007","10.13945"
"101217","0.06463623","1.1516113","10.125076"
"101217","0.07661438","1.1587982","10.168167"
"101217","0.10774231","1.1659698","10.223236"
"101217","0.0071868896","1.2138672","10.213669"
"101217","-0.03831482","1.1731567","10.13945"
"101217","0.04788208","1.1420288","10.07959"
"101217","0.08380127","1.1611938","10.156204"
"101217","0.10055542","1.1516113","10.192123"
"101217","-0.0095825195","1.177948","10.230423"
"101217","0.06225586","1.1587982","10.204086"
"101217","0.14125061","1.1085205","10.285492"
"101217","0.06942749","1.201889","10.196899"
"101217","0.05986023","1.1587982","10.065231"
"101217","0.16758728","1.2354126","9.686935"
"101217","0.07421875","1.2832947","9.797073"
"101217","0.15322876","1.201889","10.110718"
"101217","-0.01914978","1.201889","10.311829"
"101217","0.06463623","1.2114716","10.333374"
"101217","0.0071868896","1.256958","10.266342"
"101217","0.04788208","1.1755524","10.180145"
"101217","0.10295105","1.1707611","10.235214"
"101217","0.07421875","1.2258301","10.247177"
"101217","0.1197052","1.1947021","9.979034"
"101217","0.15083313","1.1994934","9.914383"
"101217","0.18675232","1.2282257","10.050858"
"101217","0.24899292","1.2234344","10.251968"
"101217","0.24659729","1.2114716","10.251968"
"101217","0.22984314","1.2593536","10.309433"
"101217","0.22265625","1.256958","10.25676"
"101217","0.15562439","1.177948","10.036499"
"101217","0.1197052","1.1755524","10.053253"
"101217","0.12928772","1.2258301","10.007767"
"101217","0.15322876","1.1947021","10.010162"
"101217","0.11253357","1.1635895","10.024521"
"101217","0.07421875","1.2090759","10.072403"
"101217","-0.07661438","1.0726013","10.3237915"
"101217","-0.0861969","1.0917511","10.340561"
"101217","0.06225586","1.1683655","10.340561"
"101217","-0.0071868896","1.177948","10.134659"
"101217","0.07421875","1.2114716","10.017334"
"101217","0.18196106","1.2042847","10.196899"
"101218","0.1484375","1.2234344","10.144226"
"101218","0.03352356","1.2402039","10.204086"
"101218","0.1149292","1.2473755","10.22084"
"101218","0.06703186","1.1635895","10.153809"
"101218","-0.05506897","1.2114716","10.170563"
"101218","0.02154541","1.256958","10.23761"
"101218","0.02633667","1.2617493","10.1059265"
"101218","0.04069519","1.2090759","10.017334"
"101218","0.12689209","1.2306213","10.096344"
"101218","0.1149292","1.2856903","10.182541"
"101218","0.06463623","1.1994934","10.115509"
"101218","0.07182312","1.2042847","10.1059265"
"101218","-0.011978149","1.2066803","10.287888"
"101218","0.02394104","1.2521667","10.184937"
"101218","0.0047912598","1.2593536","10.165787"
"101218","0.03352356","1.2665253","10.184937"
"101218","-0.05506897","1.3072357","10.1609955"
"101218","0.0047912598","1.2904816","10.113113"
"101218","0.06703186","1.2593536","9.923965"
"101218","0.09815979","1.2880859","10.048462"
"101218","0.03591919","1.2976532","10.1059265"
"101218","0.05027771","1.2952576","10.1609955"
"101218","-0.0023956299","1.2880859","10.168167"
"101218","-0.05027771","1.2545624","10.144226"
"101218","-0.0574646","1.2856903","10.134659"
"101218","-0.0023956299","1.2856903","10.196899"
"101218","0.05027771","1.280899","10.1586"
"101218","0.0287323","1.2425842","10.134659"
"101218","0.0","1.2737122","10.067612"
"101218","0.04069519","1.2904816","10.084381"
"101218","0.03591919","1.3048401","10.137054"
"101218","-0.02633667","1.3215942","10.141846"
"101218","0.01914978","1.3000488","10.196899"
"101218","0.07421875","1.2761078","10.110718"
"101218","-0.02633667","1.2689209","10.096344"
"101218","0.04788208","1.2856903","10.170563"
"101218","0.02394104","1.3072357","10.163391"
"101218","-0.0071868896","1.2832947","10.228027"
"101219","0.05027771","1.3000488","10.132263"
"101219","0.08859253","1.2904816","10.072403"
"101219","0.03831482","1.3503265","10.0269165"
"101219","0.05027771","1.3479309","10.184937"
"101219","-0.03831482","1.2545624","10.23761"
"101219","-0.11253357","1.2114716","10.249573"
"101219","-0.01914978","1.2617493","10.151413"
"101219","0.09815979","1.3647003","9.96228"
"101219","0.16281128","1.3024445","9.998184"
"101219","0.0861969","1.3311768","10.1609955"
"101219","0.06225586","1.335968","10.168167"
"101219","-0.0071868896","1.2952576","10.213669"
"101219","-0.07182312","1.2904816","10.1586"
"101219","-0.09815979","1.3144226","10.163391"
"101219","-0.07901001","1.2904816","10.125076"
"101219","-0.0861969","1.2976532","10.146622"
"101219","0.09336853","1.3024445","10.048462"
"101219","0.04069519","1.3072357","10.089172"
"101219","0.011978149","1.2832947","10.170563"
"101219","0.05986023","1.3024445","10.127472"
"101219","0.06942749","1.3168182","10.168167"
"101219","0.05027771","1.3383636","10.201691"
"101219","0.0","1.3215942","10.067612"
"101219","-0.05267334","1.312027","10.120285"
"101219","-0.06942749","1.3144226","10.120285"
"101219","-0.0574646","1.3191986","10.132263"
"101219","0.04788208","1.3191986","10.09874"
"101219","-0.07901001","1.2473755","10.25676"
"101219","-0.09336853","1.2593536","10.223236"
"101219","0.0023956299","1.2880859","10.194504"
"101219","0.0047912598","1.2928619","10.1586"
"101219","0.04548645","1.2856903","10.137054"
"101219","0.04788208","1.359909","10.089172"
"101219","0.03831482","1.3814545","10.017334"
"101219","0.04309082","1.3838501","10.041275"
"101219","-0.0287323","1.3287811","10.170563"
"101219","-0.08380127","1.2761078","10.204086"
"101219","-0.05986023","1.2856903","10.247177"
"101219","-0.07421875","1.2689209","10.254364"
"101219","-0.05027771","1.3191986","10.117889"
"101219","0.0095825195","1.3623047","10.077194"
"101220","0.011978149","1.3527222","10.089172"
"101220","0.03591919","1.3383636","10.0269165"
"101220","-0.0023956299","1.3503265","10.22084"
"101220","0.0023956299","1.335968","10.261551"
"101220","-0.04548645","1.3383636","10.242401"
"101220","-0.06225586","1.312027","10.077194"
"101220","-0.04309082","1.3024445","9.988617"
"101220","0.02154541","1.3407593","10.127472"
"101220","-0.04069519","1.3311768","10.261551"
"101220","-0.01914978","1.3383636","10.285492"
"101220","0.04548645","1.3263855","10.1609955"
"101220","0.05986023","1.3407593","10.125076"
"101220","0.0071868896","1.3431396","10.067612"
"101220","0.02633667","1.335968","10.053253"
"101220","-0.0047912598","1.3455353","10.21846"
"101220","-0.05027771","1.3144226","10.199295"
"101220","-0.01675415","1.335968","10.170563"
"101220","0.05027771","1.3407593","10.096344"
"101220","0.01675415","1.3311768","10.120285"
"101220","-0.0023956299","1.3527222","10.089172"
"101220","-0.0071868896","1.312027","10.134659"
"101220","-0.0095825195","1.3431396","10.196899"
"101220","-0.05986023","1.367096","10.25676"
"101220","-0.03352356","1.3263855","10.275909"
"101220","-0.03591919","1.3048401","10.22084"
"101220","0.05506897","1.3407593","9.98143"
"101220","0.09336853","1.3335724","9.955093"
"101220","-0.03112793","1.3934326","10.005371"
"101220","-0.03831482","1.3551178","10.266342"
"101220","-0.04309082","1.3215942","10.304642"
"101220","-0.08140564","1.3096313","10.273514"
"101220","-0.25857544","1.1947021","9.979034"
"101220","-0.22265625","1.1899109","10.070007"
"101220","-0.21548462","1.2090759","10.1059265"
"101220","0.28730774","1.3862457","10.285492"
"101220","0.08859253","1.4006042","10.151413"
"101220","0.0143585205","1.3742676","9.995789"
"101220","0.02154541","1.3527222","9.830597"
"101220","-0.05027771","1.2162476","10.093948"
"101220","-0.0861969","1.2402039","10.326187"
"101220","-0.0909729","1.2856903","10.575195"
"101220","0.10295105","1.0630188","10.419571"
"101220","-0.3830719","1.2042847","10.280701"
"101220","-0.37348938","1.2234344","10.25676"
"101220","-0.25378418","1.2521667","10.07959"
"101220","-0.13168335","1.2425842","10.053253"
"101221","0.03591919","1.2521667","10.062836"
"101221","-0.01675415","1.3383636","10.149017"
"101221","0.34477234","1.4365234","10.125076"
"101221","0.43574524","1.5370789","9.988617"
"101221","0.24420166","1.4484863","9.964661"
"101221","0.11253357","1.3239899","10.067612"
"101221","0.11253357","1.4293365","9.890442"
"101221","-0.06703186","1.3263855","9.986221"
"101221","-0.06463623","1.2856903","10.048462"
"101221","-0.08140564","1.1611938","10.417175"
"101221","-0.16520691","1.1300659","10.512939"
"101221","-0.37109375","1.1156921","10.706863"
"101221","-0.4405365","1.1444244","10.582367"
"101221","-0.06942749","1.2042847","10.029312"
"101221","-0.04309082","1.2928619","9.988617"
"101221","0.0","1.3551178","10.144226"
"101221","0.06942749","1.3503265","10.070007"
"101221","0.31843567","1.4221497","10.046066"
"101221","0.52433777","1.4484863","9.976639"
"101221","0.533905","1.419754","10.110718"
"101221","0.09815979","1.2689209","10.216064"
"101221","0.04309082","1.233017","10.180145"
"101221","0.0023956299","1.2162476","10.201691"
"101221","-0.10055542","1.1707611","10.340561"
"101221","-0.04069519","1.2282257","10.189728"
"101221","-0.04069519","1.2497711","10.074799"
"101221","-0.0143585205","1.2737122","10.37886"
"101221","0.27772522","1.1827393","10.06044"
"101221","0.27053833","1.3838501","9.931152"
"101221","0.30645752","1.4006042","9.878479"
"101221","0.05986023","1.3934326","10.058044"
"101221","0.10055542","1.3814545","10.182541"
"101221","0.0047912598","1.335968","10.520126"
"101221","0.04069519","1.3263855","10.4578705"
"101221","0.10295105","1.2689209","9.916779"
"101221","0.03112793","1.2880859","10.070007"
"101221","0.14125061","1.3191986","10.290283"
"101221","0.16520691","1.3239899","10.311829"
"101221","0.06942749","1.3287811","10.22084"
"101221","0.12449646","1.3455353","10.125076"
"101221","0.0287323","1.3431396","9.916779"
"101222","0.09576416","1.3383636","10.081985"
"101222","0.13168335","1.3455353","10.156204"
"101222","0.10295105","1.3479309","10.184937"
"101222","0.07901001","1.3527222","10.182541"
"101222","0.08140564","1.3287811","10.213669"
"101222","0.22744751","1.3239899","10.110718"
"101222","0.24420166","1.4077911","9.830597"
"101222","0.29447937","1.3383636","9.950302"
"101222","0.28970337","1.3479309","9.986221"
"101222","0.19392395","1.312027","10.06044"
"101222","0.14604187","1.1516113","9.897629"
"101222","-0.0574646","1.2521667","9.990997"
"101222","0.25857544","1.2976532","10.201691"
"101222","0.22744751","1.2689209","10.211273"
"101222","0.26576233","1.1707611","10.500961"
"101222","0.17956543","1.1635895","10.429138"
"101222","0.04069519","1.2282257","10.3980255"
"101222","-0.10055542","1.2138672","10.297455"
"101222","0.15562439","1.1132965","10.2447815"
"101222","0.3040619","1.359909","9.957489"
"101222","0.07901001","1.256958","9.797073"
"101222","0.26097107","1.1923065","9.928757"
"101222","0.12449646","1.3934326","9.780319"
"101222","0.04069519","1.2856903","9.780319"
"101222","0.35913086","1.3287811","9.672577"
"101222","0.23703003","1.233017","9.583984"
"101222","0.11013794","1.2785034","10.563217"
"101222","-0.03831482","1.1300659","10.836151"
"101222","0.04548645","1.1707611","10.814606"
"101222","0.06463623","1.1994934","10.460266"
"101222","0.10055542","1.043869","9.90242"
"101222","-0.03112793","1.2473755","10.024521"
"101222","-0.01914978","1.122879","9.691727"
"101222","0.33998108","0.8451538","9.80426"
"101222","0.06463623","0.74220276","9.8688965"
"101222","0.33518982","0.73262024","10.797852"
"101222","0.22505188","0.8451538","10.721237"
"101222","-0.31843567","1.1707611","10.366898"
"101222","-0.60572815","1.1324615","10.297455"
"101222","-0.40222168","1.0366821","11.303024"
"101222","-0.41419983","1.7381897","9.821014"
"101223","-0.1484375","1.3215942","9.361328"
"101223","-0.26576233","1.8148041","9.452301"
"101223","-0.33758545","1.8914185","9.634262"
"101223","-0.5985565","1.8028412","9.990997"
"101223","-0.54348755","1.7932587","10.031708"
"101223","-0.42138672","2.0542297","10.01973"
"101223","-0.40701294","2.039856","10.017334"
"101223","-0.05506897","1.4868011","10.09874"
"101223","-0.08380127","1.6591797","10.2447815"
"101223","-0.12689209","1.6855164","10.285492"
"101223","-0.32321167","1.7741089","10.532089"
"101223","-0.25378418","1.8507233","10.211273"
"101223","-0.5027771","1.8363495","9.840164"
"101223","-0.6775665","1.9225464","10.046066"
"101223","-0.60572815","1.9895782","10.050858"
"101223","-0.43574524","1.8770599","9.787491"
"101223","-0.24182129","1.6711578","9.782715"
"101223","-0.16998291","1.529892","9.852142"
"101223","-0.533905","1.8818359","10.024521"
"101223","-0.16520691","1.5442657","10.108322"
"101223","-0.65600586","1.9464874","9.7300415"
"101223","-0.89782715","2.2840729","9.967056"
"101223","-0.3615265","1.6783295","10.1586"
"101223","-0.3040619","1.5490417","10.388443"
"101223","-0.08380127","1.5370789","10.271118"
"101223","-0.31843567","1.6400299","9.935944"
"101223","-0.43814087","1.6352386","10.055649"
"101223","-0.52194214","1.6256561","10.017334"
"101223","-0.31124878","1.3311768","10.170563"
"101223","-0.01675415","1.4460907","10.275909"
"101223","-0.20829773","1.5610199","10.249573"
"101223","-0.8451538","2.0470428","10.208878"
"101223","-0.8930359","2.051834","10.216064"
"101223","-0.9744415","2.0422516","9.94072"
"101223","-0.8307953","1.766922","9.761154"
"101223","-0.3615265","1.6041107","9.7444"
"101223","-0.13887024","1.4868011","9.957489"
"101223","-0.62727356","1.7094574","10.01973"
"101223","-0.84754944","1.7693176","9.945511"
"101223","-0.65122986","1.3934326","10.292679"
"101223","-0.4692688","1.5370789","10.232819"
"101224","-0.45968628","1.1396332","10.450684"
"101224","-0.6536102","1.4556732","9.955093"
"101224","-0.667984","1.6112976","9.856934"
"101224","-0.84994507","1.5586243","10.182541"
"101224","-0.4980011","1.2928619","10.517731"
"101224","-0.6296692","1.359909","10.524918"
"101224","-0.22265625","1.0414734","10.3237915"
"101224","-0.296875","1.0773926","10.357315"
"101224","-0.34954834","1.1516113","10.168167"
"101224","-1.1707611","1.577774","9.98143"
"101224","-0.77093506","1.529892","9.72525"
"101224","-0.76374817","1.4915924","10.06044"
"101224","-0.802063","1.3982086","10.189728"
"101224","-0.84036255","1.154007","10.453079"
"101224","-0.70388794","1.391037","10.1586"
"101224","-0.92655945","1.4652557","10.067612"
"101224","-0.8643036","1.419754","10.115509"
"101224","-1.3455353","1.5227051","10.053253"
"101224","-0.9864044","1.4341278","9.696518"
"101224","-0.79008484","1.2042847","10.259155"
"101224","-0.99838257","1.5059509","9.995789"
"101224","-1.1492157","1.5897522","9.969452"
"101224","-0.83317566","1.3790588","10.067612"
"101224","-0.7589569","1.4389191","10.175354"
"101224","-0.885849","1.4413147","9.900024"
"101224","-0.89782715","1.4413147","9.82341"
"101224","-0.99838257","1.3814545","9.96228"
"101224","-1.0103607","1.3407593","10.07959"
"101224","-1.1492157","1.3886414","10.081985"
"101224","-1.1659698","1.3503265","10.22084"
"101224","-0.881073","1.359909","9.92157"
"101224","-0.7445984","1.3742676","9.909607"
"101224","-0.58657837","1.5682068","9.938324"
"101224","-0.7661438","1.4437103","10.122681"
"101224","-1.1516113","1.3024445","10.216064"
"101224","-1.1947021","1.1659698","10.266342"
"101224","-1.7286072","1.470047","10.194504"
"101224","-1.4173737","1.6831207","10.249573"
"101224","-0.82839966","1.3814545","9.976639"
"101224","-0.76135254","1.391037","10.108322"
"101225","-0.74938965","1.4125824","10.125076"
"101225","-0.8930359","1.3790588","10.120285"
"101225","-0.7805023","1.3575134","10.120285"
"101225","-0.7972717","1.3838501","10.192123"
"101225","-0.8882446","1.3886414","9.979034"
"101225","-0.93852234","1.4029999","9.969452"
"101225","-0.87628174","1.3934326","9.830597"
"101225","-1.0103607","1.3455353","10.153809"
"101225","-1.0366821","1.335968","10.184937"
"101225","-0.9624634","1.2761078","10.182541"
"101225","-1.019928","1.2904816","10.22084"
"101225","-0.98402405","1.3168182","9.983826"
"101225","-0.9935913","1.3311768","9.979034"
"101225","-0.96725464","1.3144226","10.024521"
"101225","-0.8092346","1.4389191","10.137054"
"101225","-0.826004","1.4173737","10.117889"
"101225","-0.8355713","1.3814545","10.184937"
"101225","-0.8571167","1.3479309","10.034103"
"101225","-0.806839","1.4437103","9.892838"
"101225","-0.81163025","1.4460907","9.914383"
"101225","-1.0366821","1.312027","10.285492"
"101225","-1.0343018","1.3144226","10.17775"
"101225","-0.94810486","1.3024445","10.1059265"
"101225","-0.9576874","1.335968","10.089172"
"101225","-1.1827393","1.367096","9.986221"
"101225","-1.0295105","1.3694763","9.94072"
"101225","-0.9816284","1.3838501","9.967056"
"101225","-0.7158661","1.4891968","10.084381"
"101225","-1.0007782","1.4053955","10.275909"
"101225","-1.1468201","1.391037","9.926361"
"101225","-1.201889","1.3407593","9.923965"
"101225","-1.2665253","1.3407593","9.90242"
"101225","-1.2545624","1.3048401","10.00058"
"101225","-1.0630188","1.3575134","10.034103"
"101225","-1.0510559","1.3862457","10.070007"
"101225","-0.91218567","1.4029999","10.014938"
"101225","-0.89782715","1.4844055","10.091553"
"101225","-0.93852234","1.4556732","10.077194"
"101225","-1.0151367","1.4053955","9.983826"
"101225","-0.86909485","1.4915924","9.943115"
"101225","-0.91218567","1.4652557","10.129868"
"101225","-0.9528961","1.493988","10.06044"
"101225","-1.0343018","1.4413147","9.935944"
"101225","-1.074997","1.4580688","9.979034"
"101226","-1.2282257","1.3311768","10.182541"
"101226","-1.0271149","1.4269409","10.103531"
"101226","-0.9624634","1.4269409","10.1059265"
"101226","-0.98880005","1.493988","10.034103"
"101226","-1.0103607","1.4484863","10.058044"
"101226","-0.96725464","1.4676514","10.089172"
"101226","-0.84754944","1.5873566","10.129868"
"101226","-0.9217682","1.5993195","9.993393"
"101226","-1.280899","1.5179291","10.048462"
"101226","-2.0302887","1.608902","8.037338"
"101226","-1.3479309","1.4580688","10.048462"
"101226","-1.1827393","1.4628601","10.275909"
"101226","-1.1300659","1.6855164","11.010941"
"101226","-1.098938","1.7190399","10.95108"
"101226","-0.9744415","1.7980499","9.835388"
"101226","-0.72065735","1.5682068","9.799469"
"101226","-1.4245453","1.4173737","9.950302"
